,Time,T2s_3km,W10s_3km,Wds_3km
0,2018-03-01_00:00:00,14.815094,0.5133822,55.423862
1,2018-03-01_01:00:00,13.818665,1.5150245,351.2145
2,2018-03-01_02:00:00,14.4843445,1.3093218,300.6776
3,2018-03-01_03:00:00,14.239441,1.6182841,341.3666
4,2018-03-01_04:00:00,12.648987,1.338996,342.70276
5,2018-03-01_05:00:00,12.123596,1.9386749,307.60303
6,2018-03-01_06:00:00,13.605499,4.9511056,70.87402
7,2018-03-01_07:00:00,12.273621,9.826659,272.07736
8,2018-03-01_08:00:00,13.021088,7.3803844,85.76977
9,2018-03-01_09:00:00,12.580688,8.641842,88.591965
10,2018-03-01_10:00:00,13.617615,9.056039,77.1376
11,2018-03-01_11:00:00,14.021637,9.239721,79.63963
12,2018-03-01_12:00:00,14.563873,10.984002,86.79209
13,2018-03-01_13:00:00,16.132538,10.7629595,84.97654
14,2018-03-01_14:00:00,16.46466,11.6711445,85.00934
15,2018-03-01_15:00:00,17.37732,12.361008,81.726166
16,2018-03-01_16:00:00,18.768616,11.927465,83.497955
17,2018-03-01_17:00:00,18.045288,11.882688,80.572815
18,2018-03-01_18:00:00,20.556824,8.919647,85.37273
19,2018-03-01_19:00:00,21.109802,7.367958,88.24724
20,2018-03-01_20:00:00,20.26596,8.602318,86.734436
21,2018-03-01_21:00:00,18.656128,9.435899,84.28419
22,2018-03-01_22:00:00,17.556885,8.083518,86.27422
23,2018-03-01_23:00:00,15.984894,7.135708,81.44561
24,2018-03-02_00:00:00,15.962616,3.7293825,73.706
25,2018-03-02_01:00:00,15.400177,4.1213684,69.97979
26,2018-03-02_02:00:00,14.297028,1.7477643,57.234077
27,2018-03-02_03:00:00,12.95462,2.9750621,3.7817314
28,2018-03-02_04:00:00,13.360504,2.689093,281.43445
29,2018-03-02_05:00:00,12.689728,2.0830657,296.40695
30,2018-03-02_06:00:00,12.64505,3.0106957,74.10095
31,2018-03-02_07:00:00,12.133484,3.3861504,79.27703
32,2018-03-02_08:00:00,11.967346,0.9351586,0.09259883
33,2018-03-02_09:00:00,11.346497,2.1748667,58.554768
34,2018-03-02_10:00:00,10.968597,1.6064098,303.88214
35,2018-03-02_11:00:00,13.423004,7.5218287,81.60517
36,2018-03-02_12:00:00,15.876129,7.3287854,83.18204
37,2018-03-02_13:00:00,16.38855,5.269334,86.754944
38,2018-03-02_14:00:00,16.87613,2.7797132,275.10434
39,2018-03-02_15:00:00,17.42041,7.7290063,271.60925
40,2018-03-02_16:00:00,17.80658,7.534346,78.30567
41,2018-03-02_17:00:00,18.143219,8.910408,83.60157
42,2018-03-02_18:00:00,17.865204,8.662304,82.01084
43,2018-03-02_19:00:00,19.004364,8.037632,270.4933
44,2018-03-02_20:00:00,17.948029,8.599715,82.30469
45,2018-03-02_21:00:00,17.836792,7.265338,75.04443
46,2018-03-02_22:00:00,17.351227,6.4965844,80.76358
47,2018-03-02_23:00:00,15.970154,4.6683407,66.37291
48,2018-03-03_00:00:00,16.08612,3.0460212,51.664127
49,2018-03-03_01:00:00,15.810455,1.4588549,348.50925
50,2018-03-03_02:00:00,14.963593,2.0839958,303.90924
51,2018-03-03_03:00:00,13.744141,1.3324441,283.5572
52,2018-03-03_04:00:00,13.210266,1.1776359,17.83954
53,2018-03-03_05:00:00,12.541626,1.5086162,21.5757
54,2018-03-03_06:00:00,12.626373,0.84847695,32.84022
55,2018-03-03_07:00:00,12.5546875,1.1792684,34.973026
56,2018-03-03_08:00:00,12.351959,1.3678769,21.671715
57,2018-03-03_09:00:00,12.229858,1.5301044,21.72336
58,2018-03-03_10:00:00,11.987152,1.3808821,44.708763
59,2018-03-03_11:00:00,11.890289,1.289255,56.14215
60,2018-03-03_12:00:00,13.480194,1.6118925,339.79886
61,2018-03-03_13:00:00,15.152557,3.0835943,300.0351
62,2018-03-03_14:00:00,17.358887,5.8864594,276.5736
63,2018-03-03_15:00:00,18.066925,8.64897,85.17979
64,2018-03-03_16:00:00,18.291107,9.407536,88.0958
65,2018-03-03_17:00:00,18.126038,9.725537,86.54958
66,2018-03-03_18:00:00,17.603363,8.652968,270.44635
67,2018-03-03_19:00:00,18.484985,7.8442955,84.84282
68,2018-03-03_20:00:00,18.383667,8.446216,84.224205
69,2018-03-03_21:00:00,16.97519,9.935279,81.6071
70,2018-03-03_22:00:00,15.641388,9.867232,80.94432
71,2018-03-03_23:00:00,15.343506,9.328494,78.22114
72,2018-03-04_00:00:00,15.086761,9.13795,77.845474
73,2018-03-04_01:00:00,14.445923,8.561222,85.51317
74,2018-03-04_02:00:00,14.27475,6.548758,85.1063
75,2018-03-04_03:00:00,13.844391,6.5003624,89.82166
76,2018-03-04_04:00:00,13.598816,2.5999875,276.00665
77,2018-03-04_05:00:00,13.870026,2.3554606,299.4081
78,2018-03-04_06:00:00,12.921448,1.1651422,47.513508
79,2018-03-04_07:00:00,13.467987,2.0753658,291.4171
80,2018-03-04_08:00:00,12.619385,2.703229,18.104969
81,2018-03-04_09:00:00,12.610016,2.3318334,295.86615
82,2018-03-04_10:00:00,12.1875305,0.9088545,357.3052
83,2018-03-04_11:00:00,12.011566,0.43352795,281.5248
84,2018-03-04_12:00:00,14.406403,3.423507,288.4618
85,2018-03-04_13:00:00,14.644623,4.426167,273.0597
86,2018-03-04_14:00:00,16.75238,5.325334,86.79724
87,2018-03-04_15:00:00,16.184662,9.159085,81.35314
88,2018-03-04_16:00:00,15.772644,11.460973,83.88163
89,2018-03-04_17:00:00,14.129364,13.766917,83.5735
90,2018-03-04_18:00:00,17.693787,12.926496,79.079765
91,2018-03-04_19:00:00,19.475952,9.766038,82.715416
92,2018-03-04_20:00:00,16.699219,3.1229024,42.455482
93,2018-03-04_21:00:00,15.896637,3.4812837,72.70952
94,2018-03-04_22:00:00,15.95694,3.6475737,277.38626
95,2018-03-04_23:00:00,15.254761,3.4508457,310.10547
96,2018-03-05_00:00:00,14.706818,5.3534946,330.29315
97,2018-03-05_01:00:00,14.482513,3.9677484,336.0026
98,2018-03-05_02:00:00,13.155304,3.240563,47.005627
99,2018-03-05_03:00:00,13.00238,4.083756,33.55343
100,2018-03-05_04:00:00,12.9470215,3.2050467,46.684864
101,2018-03-05_05:00:00,12.589203,2.4447823,330.84692
102,2018-03-05_06:00:00,13.022491,1.9836885,33.98025
103,2018-03-05_07:00:00,11.67688,3.0804372,6.836778
104,2018-03-05_08:00:00,11.442474,1.2158802,1.6439875
105,2018-03-05_09:00:00,11.977417,3.8191495,279.11185
106,2018-03-05_10:00:00,12.490845,1.1546525,271.0133
107,2018-03-05_11:00:00,11.469086,2.920152,330.98654
108,2018-03-05_12:00:00,11.54129,1.7668337,359.9282
109,2018-03-05_13:00:00,12.693909,1.3417323,352.16385
110,2018-03-05_14:00:00,13.534637,4.316894,87.69587
111,2018-03-05_15:00:00,13.418762,8.874674,85.827354
112,2018-03-05_16:00:00,14.226105,9.204198,85.13611
113,2018-03-05_17:00:00,16.489136,6.2170496,79.433655
114,2018-03-05_18:00:00,15.769653,3.4906912,49.659904
115,2018-03-05_19:00:00,15.94046,3.5616784,291.78473
116,2018-03-05_20:00:00,16.139893,2.8380725,29.35726
117,2018-03-05_21:00:00,15.554413,1.9995944,58.687775
118,2018-03-05_22:00:00,15.0589905,5.917688,329.77792
119,2018-03-05_23:00:00,14.7482605,4.3386445,340.57742
120,2018-03-06_00:00:00,14.232361,2.7253945,43.655807
121,2018-03-06_01:00:00,11.846252,2.8207111,353.73013
122,2018-03-06_02:00:00,11.654755,1.4923619,3.107648
123,2018-03-06_03:00:00,11.582153,1.6161214,20.07095
124,2018-03-06_04:00:00,11.775757,0.49019954,40.906067
125,2018-03-06_05:00:00,11.57901,2.2321131,36.45694
126,2018-03-06_06:00:00,11.4436035,3.5024662,37.27633
127,2018-03-06_07:00:00,11.1657715,3.2611196,5.300446
128,2018-03-06_08:00:00,11.655121,8.460883,89.33867
129,2018-03-06_09:00:00,11.786865,2.862927,80.34229
130,2018-03-06_10:00:00,9.836517,3.2151995,49.574223
131,2018-03-06_11:00:00,10.116913,0.29470116,295.48148
132,2018-03-06_12:00:00,10.426514,2.77615,72.92774
133,2018-03-06_13:00:00,10.882935,2.4173436,67.190445
134,2018-03-06_14:00:00,12.200378,2.6302412,314.2332
135,2018-03-06_15:00:00,12.05484,0.7070075,82.762276
136,2018-03-06_16:00:00,13.80954,2.620998,320.25085
137,2018-03-06_17:00:00,14.791016,6.202219,277.9872
138,2018-03-06_18:00:00,15.612427,4.910409,272.00372
139,2018-03-06_19:00:00,14.039307,8.480144,88.7402
140,2018-03-06_20:00:00,13.851227,9.115075,85.78037
141,2018-03-06_21:00:00,14.098358,7.4812517,79.37324
142,2018-03-06_22:00:00,12.580811,4.659726,278.1977
143,2018-03-06_23:00:00,12.6770935,5.579114,72.33205
144,2018-03-07_00:00:00,12.312225,0.94714826,313.47992
145,2018-03-07_01:00:00,10.76593,3.3732698,78.28003
146,2018-03-07_02:00:00,10.77243,1.3097106,80.12933
147,2018-03-07_03:00:00,10.543304,2.5433202,43.311165
148,2018-03-07_04:00:00,10.223938,1.8002437,27.463667
149,2018-03-07_05:00:00,10.423309,1.1352003,358.7087
150,2018-03-07_06:00:00,10.241791,1.5644152,53.620445
151,2018-03-07_07:00:00,10.148529,1.6942285,66.657745
152,2018-03-07_08:00:00,10.2901,0.73355305,18.294493
153,2018-03-07_09:00:00,10.17868,0.89910614,321.87607
154,2018-03-07_10:00:00,9.998657,0.13926476,279.0386
155,2018-03-07_11:00:00,10.435394,2.584693,273.0877
156,2018-03-07_12:00:00,11.191315,4.673514,80.124306
157,2018-03-07_13:00:00,12.100861,1.7982055,73.4663
158,2018-03-07_14:00:00,13.711975,4.289798,270.07294
159,2018-03-07_15:00:00,14.54483,6.9551034,82.77303
160,2018-03-07_16:00:00,13.817413,8.271077,78.973564
161,2018-03-07_17:00:00,13.451782,10.407087,81.3396
162,2018-03-07_18:00:00,14.563202,10.827794,79.96155
163,2018-03-07_19:00:00,15.464783,11.150155,80.01835
164,2018-03-07_20:00:00,14.839966,11.386548,82.972275
165,2018-03-07_21:00:00,15.058319,9.113792,79.64216
166,2018-03-07_22:00:00,14.866119,6.4916387,84.125374
167,2018-03-07_23:00:00,13.494659,3.8442974,73.42007
168,2018-03-08_00:00:00,13.05777,3.5963867,84.57634
169,2018-03-08_01:00:00,12.688782,3.6409762,88.60112
170,2018-03-08_02:00:00,12.552582,0.2842109,279.87045
171,2018-03-08_03:00:00,10.733307,2.159446,48.421516
172,2018-03-08_04:00:00,10.624847,1.0959471,37.856277
173,2018-03-08_05:00:00,10.134735,1.0310181,63.278442
174,2018-03-08_06:00:00,9.483612,1.5509794,319.79977
175,2018-03-08_07:00:00,10.88916,1.6981877,280.8738
176,2018-03-08_08:00:00,11.616455,1.4308679,70.79064
177,2018-03-08_09:00:00,11.724548,4.135691,74.04313
178,2018-03-08_10:00:00,11.4583435,6.0854187,74.23965
179,2018-03-08_11:00:00,11.69455,8.186238,76.39433
180,2018-03-08_12:00:00,12.005768,9.407503,77.886345
181,2018-03-08_13:00:00,12.769043,10.457061,77.90785
182,2018-03-08_14:00:00,12.690002,10.877966,80.153915
183,2018-03-08_15:00:00,12.481445,10.383067,78.49134
184,2018-03-08_16:00:00,14.039551,12.411259,80.75881
185,2018-03-08_17:00:00,15.3845215,13.093962,80.89915
186,2018-03-08_18:00:00,15.575592,13.798318,79.36192
187,2018-03-08_19:00:00,15.680481,12.837152,79.33123
188,2018-03-08_20:00:00,15.926666,11.171243,78.632225
189,2018-03-08_21:00:00,16.185516,7.806438,86.835075
190,2018-03-08_22:00:00,15.566193,4.83966,271.92654
191,2018-03-08_23:00:00,13.949921,1.6534777,57.502792
192,2018-03-09_00:00:00,14.793243,1.6503907,47.565136
193,2018-03-09_01:00:00,13.607178,3.1177943,10.038263
194,2018-03-09_02:00:00,12.398987,4.1492133,40.35048
195,2018-03-09_03:00:00,11.601288,4.151701,56.032223
196,2018-03-09_04:00:00,11.530334,2.5780475,50.017033
197,2018-03-09_05:00:00,11.472931,2.5770578,42.217144
198,2018-03-09_06:00:00,11.475586,1.9855931,34.015358
199,2018-03-09_07:00:00,11.453735,2.4236681,56.607746
200,2018-03-09_08:00:00,11.412537,2.9044857,47.12923
201,2018-03-09_09:00:00,11.238007,3.5086608,53.684532
202,2018-03-09_10:00:00,11.030487,3.1606758,50.314175
203,2018-03-09_11:00:00,10.9263,3.3016026,49.604984
204,2018-03-09_12:00:00,11.093567,2.4066682,34.40064
205,2018-03-09_13:00:00,12.404144,1.2329986,49.90242
206,2018-03-09_14:00:00,13.151855,2.0234947,62.910587
207,2018-03-09_15:00:00,13.906128,0.86248946,344.22266
208,2018-03-09_16:00:00,15.01944,5.232746,279.56964
209,2018-03-09_17:00:00,15.8046875,6.6215315,274.33377
210,2018-03-09_18:00:00,16.775757,6.1333666,272.03293
211,2018-03-09_19:00:00,17.653168,1.635985,309.1861
212,2018-03-09_20:00:00,16.145813,6.9261775,87.091835
213,2018-03-09_21:00:00,15.075134,8.250929,271.92004
214,2018-03-09_22:00:00,14.956024,7.573823,83.98605
215,2018-03-09_23:00:00,14.060059,5.888445,83.02099
216,2018-03-10_00:00:00,13.967957,2.637936,80.97382
217,2018-03-10_01:00:00,14.253784,1.2589071,285.12628
218,2018-03-10_02:00:00,13.035522,3.0321252,68.08181
219,2018-03-10_03:00:00,12.579712,2.9120655,58.703087
220,2018-03-10_04:00:00,12.135468,3.0583816,53.310246
221,2018-03-10_05:00:00,12.035126,2.4548514,34.862022
222,2018-03-10_06:00:00,11.816467,2.4816427,47.77109
223,2018-03-10_07:00:00,11.664032,0.98591286,22.88184
224,2018-03-10_08:00:00,11.656586,1.2915626,31.149523
225,2018-03-10_09:00:00,11.427948,2.0193665,38.33827
226,2018-03-10_10:00:00,10.187988,0.6174123,47.507618
227,2018-03-10_11:00:00,11.221588,0.80428,357.9949
228,2018-03-10_12:00:00,12.85611,0.69331694,36.62685
229,2018-03-10_13:00:00,14.569519,1.1237983,324.6679
230,2018-03-10_14:00:00,15.885956,2.9479773,271.90683
231,2018-03-10_15:00:00,16.665802,4.255512,86.75714
232,2018-03-10_16:00:00,17.367157,2.0824928,78.240715
233,2018-03-10_17:00:00,17.568298,4.731819,89.835526
234,2018-03-10_18:00:00,18.23462,5.232049,278.9964
235,2018-03-10_19:00:00,19.194794,5.110589,273.07727
236,2018-03-10_20:00:00,18.693909,5.7967157,86.058464
237,2018-03-10_21:00:00,17.711334,6.692709,86.406784
238,2018-03-10_22:00:00,17.69342,5.262427,81.23451
239,2018-03-10_23:00:00,16.257294,3.71936,72.292404
240,2018-03-11_00:00:00,15.692993,3.000947,63.828968
241,2018-03-11_01:00:00,15.877777,1.866696,18.980358
242,2018-03-11_02:00:00,15.698242,1.1971177,321.49503
243,2018-03-11_03:00:00,15.100067,1.5095083,87.58056
244,2018-03-11_04:00:00,13.795593,0.78910166,44.549736
245,2018-03-11_05:00:00,12.814545,0.5073899,5.22664
246,2018-03-11_06:00:00,12.61908,0.3050273,271.2543
247,2018-03-11_07:00:00,12.275055,0.33398145,5.1486807
248,2018-03-11_08:00:00,11.664581,1.5325423,24.768818
249,2018-03-11_09:00:00,12.1409,0.139038,84.70385
250,2018-03-11_10:00:00,11.475128,1.6206988,79.52912
251,2018-03-11_11:00:00,13.973297,0.6453475,306.60648
252,2018-03-11_12:00:00,14.845581,1.1855551,58.62289
253,2018-03-11_13:00:00,15.872986,1.5290982,49.720562
254,2018-03-11_14:00:00,17.469116,1.2232299,342.11508
255,2018-03-11_15:00:00,17.891266,4.1912203,83.21909
256,2018-03-11_16:00:00,15.619293,5.4922476,77.57082
257,2018-03-11_17:00:00,18.424896,4.894581,293.53336
258,2018-03-11_18:00:00,18.884003,0.97331494,6.140649
259,2018-03-11_19:00:00,19.76233,3.1597385,66.887726
260,2018-03-11_20:00:00,20.343842,2.7122445,272.5865
261,2018-03-11_21:00:00,20.362793,5.2915406,291.2742
262,2018-03-11_22:00:00,18.750824,5.5481396,323.3929
263,2018-03-11_23:00:00,16.683075,4.822165,349.26144
264,2018-03-12_00:00:00,16.029175,4.1458187,3.2236705
265,2018-03-12_01:00:00,15.420868,1.1573449,51.602947
266,2018-03-12_02:00:00,15.523132,0.8437463,43.57177
267,2018-03-12_03:00:00,14.579895,1.9953842,282.39868
268,2018-03-12_04:00:00,13.471008,0.94351906,304.04584
269,2018-03-12_05:00:00,12.993622,1.0915577,327.52673
270,2018-03-12_06:00:00,12.630524,1.6021109,76.122086
271,2018-03-12_07:00:00,12.476959,0.9505251,292.99887
272,2018-03-12_08:00:00,11.668274,2.085468,67.15336
273,2018-03-12_09:00:00,11.965485,0.4745501,277.54684
274,2018-03-12_10:00:00,10.760315,0.83032066,336.2184
275,2018-03-12_11:00:00,11.629944,1.1808552,17.040245
276,2018-03-12_12:00:00,12.596863,0.4729087,30.725243
277,2018-03-12_13:00:00,14.35907,2.2198246,31.8409
278,2018-03-12_14:00:00,15.428345,2.927948,65.80576
279,2018-03-12_15:00:00,16.864075,3.7826314,63.70261
280,2018-03-12_16:00:00,18.131012,4.38777,59.887466
281,2018-03-12_17:00:00,19.222229,5.069097,65.703125
282,2018-03-12_18:00:00,20.063385,5.6006474,78.76945
283,2018-03-12_19:00:00,20.925415,5.4814787,279.011
284,2018-03-12_20:00:00,20.929108,5.4143515,302.79053
285,2018-03-12_21:00:00,19.95758,4.600979,312.82364
286,2018-03-12_22:00:00,18.887482,3.2398148,333.528
287,2018-03-12_23:00:00,15.802246,3.0829132,81.14113
288,2018-03-13_00:00:00,15.246918,3.6957877,88.4675
289,2018-03-13_01:00:00,14.785492,1.8165078,68.548615
290,2018-03-13_02:00:00,13.731293,2.0844238,278.77896
291,2018-03-13_03:00:00,12.986908,1.7055808,298.26544
292,2018-03-13_04:00:00,12.008148,1.5875547,333.01788
293,2018-03-13_05:00:00,11.408752,1.6607833,311.14438
294,2018-03-13_06:00:00,11.44165,0.85398334,75.87043
295,2018-03-13_07:00:00,11.219177,1.2748411,47.95028
296,2018-03-13_08:00:00,11.324036,1.2251459,28.628517
297,2018-03-13_09:00:00,11.460815,0.69585824,13.518525
298,2018-03-13_10:00:00,11.192902,1.3055604,82.58802
299,2018-03-13_11:00:00,13.4045105,3.1113527,80.68166
300,2018-03-13_12:00:00,16.026611,1.1107317,276.53094
301,2018-03-13_13:00:00,16.497833,2.1336374,54.879894
302,2018-03-13_14:00:00,17.578186,2.2534184,306.78247
303,2018-03-13_15:00:00,18.771606,1.7547704,306.97318
304,2018-03-13_16:00:00,19.556732,2.6407797,294.55518
305,2018-03-13_17:00:00,20.52356,1.510572,32.005917
306,2018-03-13_18:00:00,21.93393,3.5019498,68.467896
307,2018-03-13_19:00:00,22.403595,3.7124703,271.44977
308,2018-03-13_20:00:00,21.464783,2.1202087,343.59613
309,2018-03-13_21:00:00,20.258972,3.8540688,289.3889
310,2018-03-13_22:00:00,19.068817,4.025894,270.4182
311,2018-03-13_23:00:00,16.899933,5.5591145,75.411
312,2018-03-14_00:00:00,16.20581,6.4289923,79.85464
313,2018-03-14_01:00:00,16.294586,3.3201497,72.233154
314,2018-03-14_02:00:00,15.440063,4.703719,84.92124
315,2018-03-14_03:00:00,14.722809,1.4846903,41.967022
316,2018-03-14_04:00:00,14.837341,4.060698,70.425415
317,2018-03-14_05:00:00,13.718903,1.6118635,306.44284
318,2018-03-14_06:00:00,13.766022,1.3365744,285.30743
319,2018-03-14_07:00:00,12.447571,1.8180974,47.990746
320,2018-03-14_08:00:00,12.152924,1.2414767,40.934425
321,2018-03-14_09:00:00,12.576111,0.9383935,32.784042
322,2018-03-14_10:00:00,12.80304,0.8416851,322.5556
323,2018-03-14_11:00:00,13.1215515,2.592532,280.17593
324,2018-03-14_12:00:00,15.049805,2.6154253,286.57785
325,2018-03-14_13:00:00,16.651337,2.3735776,348.9909
326,2018-03-14_14:00:00,16.691284,3.1530325,62.51752
327,2018-03-14_15:00:00,17.439667,2.0945969,324.64905
328,2018-03-14_16:00:00,18.151154,5.568445,284.55057
329,2018-03-14_17:00:00,19.446136,5.6955843,284.53705
330,2018-03-14_18:00:00,19.694366,6.6196656,284.3413
331,2018-03-14_19:00:00,19.979187,5.179751,293.07413
332,2018-03-14_20:00:00,19.611145,6.496509,271.09845
333,2018-03-14_21:00:00,19.1622,6.1627254,88.56862
334,2018-03-14_22:00:00,18.794952,5.8318243,88.83212
335,2018-03-14_23:00:00,18.023285,4.9058943,81.7871
336,2018-03-15_00:00:00,16.425476,7.195199,76.066795
337,2018-03-15_01:00:00,15.787842,8.49885,84.11159
338,2018-03-15_02:00:00,15.50473,7.6937423,75.58173
339,2018-03-15_03:00:00,14.916534,7.4318204,76.619514
340,2018-03-15_04:00:00,14.501312,7.9636025,81.88862
341,2018-03-15_05:00:00,15.1319275,8.462131,71.91603
342,2018-03-15_06:00:00,14.622101,8.68938,78.25519
343,2018-03-15_07:00:00,14.73761,7.404194,76.8488
344,2018-03-15_08:00:00,14.922852,5.526147,74.677734
345,2018-03-15_09:00:00,13.92511,6.2357807,78.472946
346,2018-03-15_10:00:00,14.226685,5.823423,79.52196
347,2018-03-15_11:00:00,14.795929,6.3024483,76.371735
348,2018-03-15_12:00:00,17.11258,2.9555402,88.636795
349,2018-03-15_13:00:00,17.758759,5.7690544,277.59036
350,2018-03-15_14:00:00,18.558624,7.1304173,276.64462
351,2018-03-15_15:00:00,19.397797,6.578112,277.4731
352,2018-03-15_16:00:00,19.514343,6.6327925,89.0332
353,2018-03-15_17:00:00,18.24707,6.8183856,80.66139
354,2018-03-15_18:00:00,16.847504,4.232911,289.62958
355,2018-03-15_19:00:00,18.221313,0.63841456,317.44345
356,2018-03-15_20:00:00,18.925323,2.1714666,306.88437
357,2018-03-15_21:00:00,18.209839,3.2054453,286.46097
358,2018-03-15_22:00:00,18.45465,1.4487412,326.37155
359,2018-03-15_23:00:00,17.005981,0.7115813,60.61941
360,2018-03-16_00:00:00,16.259735,3.4370701,347.254
361,2018-03-16_01:00:00,15.121155,1.9198707,353.08444
362,2018-03-16_02:00:00,14.476776,2.4211736,304.22617
363,2018-03-16_03:00:00,13.247833,1.8346837,319.9915
364,2018-03-16_04:00:00,12.615265,1.4750226,313.41028
365,2018-03-16_05:00:00,11.950562,1.2385724,277.03748
366,2018-03-16_06:00:00,12.531494,1.6934108,18.054789
367,2018-03-16_07:00:00,12.2803955,3.4874299,39.100376
368,2018-03-16_08:00:00,11.850952,2.6599226,21.19953
369,2018-03-16_09:00:00,11.841644,1.5628556,339.88318
370,2018-03-16_10:00:00,11.136444,1.3928176,85.36172
371,2018-03-16_11:00:00,12.350464,1.813338,74.21916
372,2018-03-16_12:00:00,12.4646,0.6382918,13.648338
373,2018-03-16_13:00:00,14.266998,0.902911,66.96802
374,2018-03-16_14:00:00,15.891174,1.2211053,21.352701
375,2018-03-16_15:00:00,17.325897,2.2508557,270.057
376,2018-03-16_16:00:00,18.314941,2.2975044,284.8053
377,2018-03-16_17:00:00,18.87259,2.3500159,274.19427
378,2018-03-16_18:00:00,19.90207,3.1242082,278.09253
379,2018-03-16_19:00:00,19.646301,5.81181,283.4769
380,2018-03-16_20:00:00,19.447235,4.5237503,272.9474
381,2018-03-16_21:00:00,18.02826,3.954419,65.846535
382,2018-03-16_22:00:00,17.681671,4.3715663,87.88242
383,2018-03-16_23:00:00,16.25946,5.375038,81.713936
384,2018-03-17_00:00:00,15.660004,1.5129919,38.660675
385,2018-03-17_01:00:00,14.961548,1.6124707,357.66058
386,2018-03-17_02:00:00,14.793762,1.4569458,357.31558
387,2018-03-17_03:00:00,13.41156,1.1572496,25.11077
388,2018-03-17_04:00:00,13.251282,1.4330921,4.2657275
389,2018-03-17_05:00:00,12.217712,0.4774072,322.95764
390,2018-03-17_06:00:00,12.991089,1.6111808,328.0533
391,2018-03-17_07:00:00,13.146179,0.46739313,283.13766
392,2018-03-17_08:00:00,13.394806,0.38999334,271.26245
393,2018-03-17_09:00:00,13.265839,0.4350239,349.21307
394,2018-03-17_10:00:00,11.310181,0.65220237,287.09857
395,2018-03-17_11:00:00,12.960846,0.69469833,29.779676
396,2018-03-17_12:00:00,14.052002,0.38248777,33.73011
397,2018-03-17_13:00:00,15.531555,2.1247673,51.3664
398,2018-03-17_14:00:00,16.484528,2.6067762,66.303246
399,2018-03-17_15:00:00,17.295532,1.8009679,73.47728
400,2018-03-17_16:00:00,17.29126,2.7088416,46.556286
401,2018-03-17_17:00:00,17.765564,2.127565,332.22186
402,2018-03-17_18:00:00,19.180817,2.6416664,337.0178
403,2018-03-17_19:00:00,20.052704,3.2990692,334.42627
404,2018-03-17_20:00:00,20.838501,4.118792,285.11133
405,2018-03-17_21:00:00,20.543152,4.5802536,296.83517
406,2018-03-17_22:00:00,19.172363,4.7743554,306.27063
407,2018-03-17_23:00:00,16.819855,4.2934594,355.79465
408,2018-03-18_00:00:00,16.257202,4.6029696,355.58813
409,2018-03-18_01:00:00,15.573578,3.8135424,359.06497
410,2018-03-18_02:00:00,14.963745,2.4568684,349.76367
411,2018-03-18_03:00:00,14.309479,0.9941568,306.8077
412,2018-03-18_04:00:00,13.119812,1.1253842,21.699207
413,2018-03-18_05:00:00,13.342621,0.96484184,21.168291
414,2018-03-18_06:00:00,12.399261,0.93625045,36.10979
415,2018-03-18_07:00:00,12.582214,1.0413244,346.7154
416,2018-03-18_08:00:00,11.672699,1.2012913,357.62207
417,2018-03-18_09:00:00,11.651062,0.7028753,350.6964
418,2018-03-18_10:00:00,11.50531,0.6222748,62.891468
419,2018-03-18_11:00:00,13.1154175,1.0173553,20.396502
420,2018-03-18_12:00:00,14.748962,0.71849537,13.198144
421,2018-03-18_13:00:00,16.041595,2.1068475,48.793232
422,2018-03-18_14:00:00,16.630096,1.0102359,57.79017
423,2018-03-18_15:00:00,17.866882,1.1758038,270.11307
424,2018-03-18_16:00:00,19.007477,0.77352935,21.71921
425,2018-03-18_17:00:00,20.25772,4.616546,70.17221
426,2018-03-18_18:00:00,21.026733,5.340645,273.31064
427,2018-03-18_19:00:00,21.735687,4.4614635,272.15967
428,2018-03-18_20:00:00,21.929382,4.974641,286.151
429,2018-03-18_21:00:00,21.136566,3.2300575,320.93835
430,2018-03-18_22:00:00,18.281494,3.3246887,70.83333
431,2018-03-18_23:00:00,16.627869,4.1511393,65.68456
432,2018-03-19_00:00:00,16.320648,3.3649814,59.40943
433,2018-03-19_01:00:00,15.497894,2.8293996,59.53874
434,2018-03-19_02:00:00,14.685059,1.3066757,27.3433
435,2018-03-19_03:00:00,15.034637,2.4864395,305.01074
436,2018-03-19_04:00:00,13.676147,0.50954765,277.28683
437,2018-03-19_05:00:00,12.927002,1.7056261,38.41058
438,2018-03-19_06:00:00,12.475555,2.3613222,49.427143
439,2018-03-19_07:00:00,12.483978,1.2551078,65.36392
440,2018-03-19_08:00:00,12.361206,2.662202,61.85566
441,2018-03-19_09:00:00,11.794708,2.1059513,40.338802
442,2018-03-19_10:00:00,11.840118,3.6444895,22.036251
443,2018-03-19_11:00:00,12.334869,2.321411,344.98657
444,2018-03-19_12:00:00,12.668915,1.8532461,75.6619
445,2018-03-19_13:00:00,12.474243,4.3296947,83.2945
446,2018-03-19_14:00:00,12.982849,6.9749117,72.32636
447,2018-03-19_15:00:00,14.3220215,2.450034,273.4678
448,2018-03-19_16:00:00,14.84552,2.936108,75.76162
449,2018-03-19_17:00:00,15.080322,3.7006357,76.82736
450,2018-03-19_18:00:00,16.066528,4.7660174,277.44983
451,2018-03-19_19:00:00,16.03061,5.843335,293.34924
452,2018-03-19_20:00:00,15.920776,6.764541,328.0534
453,2018-03-19_21:00:00,15.6067505,4.91729,333.47195
454,2018-03-19_22:00:00,16.238403,3.3733828,289.18393
455,2018-03-19_23:00:00,14.977478,1.1344169,314.13763
456,2018-03-20_00:00:00,12.690399,1.6229053,322.85007
457,2018-03-20_01:00:00,11.937805,1.2746781,337.18668
458,2018-03-20_02:00:00,11.207703,1.2320995,8.552263
459,2018-03-20_03:00:00,11.040955,1.263795,356.149
460,2018-03-20_04:00:00,11.872498,0.9106166,1.4000125
461,2018-03-20_05:00:00,11.738037,1.3792617,61.11756
462,2018-03-20_06:00:00,11.374817,1.8474904,70.29188
463,2018-03-20_07:00:00,11.091156,0.91588074,303.15872
464,2018-03-20_08:00:00,10.03009,0.34768078,50.90987
465,2018-03-20_09:00:00,9.932068,0.8022212,55.3314
466,2018-03-20_10:00:00,10.161133,1.3550285,21.436367
467,2018-03-20_11:00:00,12.110962,2.1183221,355.9768
468,2018-03-20_12:00:00,13.274231,1.3982635,81.298164
469,2018-03-20_13:00:00,14.238403,2.2350278,57.170197
470,2018-03-20_14:00:00,15.488495,3.5893118,74.512596
471,2018-03-20_15:00:00,16.729675,4.572676,81.84721
472,2018-03-20_16:00:00,17.676483,4.997516,75.721016
473,2018-03-20_17:00:00,18.396118,5.826971,87.52908
474,2018-03-20_18:00:00,19.042084,5.82917,87.260956
475,2018-03-20_19:00:00,19.484589,6.0004125,284.3055
476,2018-03-20_20:00:00,19.185211,6.192261,303.35388
477,2018-03-20_21:00:00,18.188782,6.5037007,315.81226
478,2018-03-20_22:00:00,16.88211,5.775595,328.19412
479,2018-03-20_23:00:00,15.612366,5.723841,338.29715
480,2018-03-21_00:00:00,14.542877,4.043463,337.10638
481,2018-03-21_01:00:00,14.425751,4.556797,331.59106
482,2018-03-21_02:00:00,13.637451,3.2016757,329.1842
483,2018-03-21_03:00:00,12.954315,2.955344,321.90735
484,2018-03-21_04:00:00,12.118988,3.9522378,327.59097
485,2018-03-21_05:00:00,10.910736,4.5409875,325.1476
486,2018-03-21_06:00:00,10.105957,2.842245,283.9137
487,2018-03-21_07:00:00,9.519226,2.2534328,42.620327
488,2018-03-21_08:00:00,9.653809,1.9277449,65.37686
489,2018-03-21_09:00:00,9.1188965,3.4458323,60.104187
490,2018-03-21_10:00:00,8.444885,0.8465198,295.2118
491,2018-03-21_11:00:00,9.264313,0.36943784,279.3114
492,2018-03-21_12:00:00,10.399963,1.7122965,54.577602
493,2018-03-21_13:00:00,11.455078,2.2464137,71.641525
494,2018-03-21_14:00:00,12.81662,3.2497768,70.3071
495,2018-03-21_15:00:00,14.363739,3.8348825,68.42844
496,2018-03-21_16:00:00,15.762238,4.4479737,72.00496
497,2018-03-21_17:00:00,17.017853,4.2773457,77.76124
498,2018-03-21_18:00:00,18.081512,4.577162,78.91759
499,2018-03-21_19:00:00,18.456085,4.2053804,270.75266
500,2018-03-21_20:00:00,18.77893,3.7352111,284.6567
501,2018-03-21_21:00:00,18.223328,2.2011023,287.39145
502,2018-03-21_22:00:00,16.321167,3.475038,280.82965
503,2018-03-21_23:00:00,14.543091,4.131257,270.4566
504,2018-03-22_00:00:00,14.91275,1.401602,74.31114
505,2018-03-22_01:00:00,14.144104,2.98746,296.01385
506,2018-03-22_02:00:00,13.391937,3.1193476,315.87308
507,2018-03-22_03:00:00,12.026672,2.291671,13.867715
508,2018-03-22_04:00:00,11.034668,1.362477,16.489662
509,2018-03-22_05:00:00,10.768768,0.7717542,300.93964
510,2018-03-22_06:00:00,11.640137,2.4609563,285.44315
511,2018-03-22_07:00:00,12.624481,6.2353067,74.67219
512,2018-03-22_08:00:00,12.661621,11.391207,77.3424
513,2018-03-22_09:00:00,11.925537,12.400596,80.324104
514,2018-03-22_10:00:00,11.269836,11.584261,79.486244
515,2018-03-22_11:00:00,11.400604,12.045998,78.755486
516,2018-03-22_12:00:00,12.102081,12.143925,77.73972
517,2018-03-22_13:00:00,14.67981,10.568678,74.81759
518,2018-03-22_14:00:00,16.966888,7.4445605,76.57374
519,2018-03-22_15:00:00,16.993134,8.322321,84.040565
520,2018-03-22_16:00:00,18.311127,6.7105093,87.801216
521,2018-03-22_17:00:00,18.92569,7.0183706,86.60335
522,2018-03-22_18:00:00,19.611816,5.72362,85.50523
523,2018-03-22_19:00:00,20.50235,4.5726166,85.395996
524,2018-03-22_20:00:00,20.775482,3.061821,285.74237
525,2018-03-22_21:00:00,20.975952,2.3240333,38.959442
526,2018-03-22_22:00:00,20.077362,1.5456935,15.657181
527,2018-03-22_23:00:00,17.406189,0.82343423,294.94785
528,2018-03-23_00:00:00,15.153137,1.3915443,341.48367
529,2018-03-23_01:00:00,14.449371,1.7282969,342.3767
530,2018-03-23_02:00:00,13.527924,1.4187235,14.342566
531,2018-03-23_03:00:00,13.215973,1.4766366,349.9465
532,2018-03-23_04:00:00,12.522369,1.620948,11.222638
533,2018-03-23_05:00:00,11.749054,1.4485974,317.9745
534,2018-03-23_06:00:00,10.313965,2.2077641,334.1469
535,2018-03-23_07:00:00,10.44873,1.6821992,313.36285
536,2018-03-23_08:00:00,9.771454,1.1993723,325.9079
537,2018-03-23_09:00:00,9.489288,1.4827741,309.61697
538,2018-03-23_10:00:00,9.170288,1.7142775,287.27222
539,2018-03-23_11:00:00,12.316376,3.1038206,89.98962
540,2018-03-23_12:00:00,14.434723,2.0889947,335.18777
541,2018-03-23_13:00:00,15.149231,1.3549116,26.178505
542,2018-03-23_14:00:00,16.610596,1.968118,48.941654
543,2018-03-23_15:00:00,17.925262,1.3514273,67.12582
544,2018-03-23_16:00:00,18.68161,5.5708113,275.3733
545,2018-03-23_17:00:00,20.215424,2.3919857,319.43445
546,2018-03-23_18:00:00,21.00711,1.8644227,309.93115
547,2018-03-23_19:00:00,21.396545,2.367675,321.02948
548,2018-03-23_20:00:00,22.660034,4.0142303,277.15503
549,2018-03-23_21:00:00,21.728668,3.2410536,285.17438
550,2018-03-23_22:00:00,20.179413,3.07666,306.459
551,2018-03-23_23:00:00,17.658966,2.668719,11.240943
552,2018-03-24_00:00:00,16.991516,3.0194016,53.91167
553,2018-03-24_01:00:00,15.189087,5.6665235,79.44608
554,2018-03-24_02:00:00,14.58136,7.8706884,81.084785
555,2018-03-24_03:00:00,14.741455,6.0274196,81.63511
556,2018-03-24_04:00:00,14.339142,5.8846507,74.89463
557,2018-03-24_05:00:00,13.556854,3.549686,64.53232
558,2018-03-24_06:00:00,13.033356,0.8643801,14.809042
559,2018-03-24_07:00:00,11.45816,1.7201902,357.9021
560,2018-03-24_08:00:00,12.463501,0.32655302,44.4396
561,2018-03-24_09:00:00,10.534729,1.2967936,27.760986
562,2018-03-24_10:00:00,10.641815,1.8517791,274.1175
563,2018-03-24_11:00:00,12.945831,1.0415676,81.18842
564,2018-03-24_12:00:00,14.953766,0.23059316,296.79428
565,2018-03-24_13:00:00,16.340424,0.9222515,68.60682
566,2018-03-24_14:00:00,17.545746,1.4326515,2.8934374
567,2018-03-24_15:00:00,18.278107,2.3241277,304.30353
568,2018-03-24_16:00:00,19.09262,1.0386845,84.824936
569,2018-03-24_17:00:00,20.381927,3.7490337,72.38764
570,2018-03-24_18:00:00,20.92096,3.0104825,285.0771
571,2018-03-24_19:00:00,21.41803,3.7301784,284.5485
572,2018-03-24_20:00:00,20.669586,2.6237674,304.35474
573,2018-03-24_21:00:00,19.638824,1.7088649,22.4874
574,2018-03-24_22:00:00,18.072266,1.3693775,348.34064
575,2018-03-24_23:00:00,16.99176,3.4846191,322.14813
576,2018-03-25_00:00:00,16.206055,3.349068,343.65106
577,2018-03-25_01:00:00,15.250946,2.935863,320.47537
578,2018-03-25_02:00:00,13.704742,2.116672,59.63471
579,2018-03-25_03:00:00,12.085785,2.3938453,48.50523
580,2018-03-25_04:00:00,11.947968,1.695777,2.881661
581,2018-03-25_05:00:00,12.624237,2.296008,8.223689
582,2018-03-25_06:00:00,11.662384,2.4210684,1.5449361
583,2018-03-25_07:00:00,11.87088,7.3322716,331.9017
584,2018-03-25_08:00:00,11.153046,7.4606867,320.11536
585,2018-03-25_09:00:00,11.313202,5.139951,318.59076
586,2018-03-25_10:00:00,10.958374,3.7193108,309.00955
587,2018-03-25_11:00:00,10.874084,6.3205643,314.95038
588,2018-03-25_12:00:00,10.898346,6.807663,310.85342
589,2018-03-25_13:00:00,10.699585,6.000412,304.8474
590,2018-03-25_14:00:00,9.966583,5.334222,288.1222
591,2018-03-25_15:00:00,10.403381,5.0318995,300.0682
592,2018-03-25_16:00:00,10.710297,5.880633,300.802
593,2018-03-25_17:00:00,10.059204,5.265185,292.5154
594,2018-03-25_18:00:00,10.107422,4.726414,294.1585
595,2018-03-25_19:00:00,10.170715,3.3267288,46.29407
596,2018-03-25_20:00:00,11.57373,4.307983,68.194115
597,2018-03-25_21:00:00,12.244843,3.5301456,61.486385
598,2018-03-25_22:00:00,12.340424,3.7596805,87.83531
599,2018-03-25_23:00:00,11.701447,2.241105,297.3399
600,2018-03-26_00:00:00,11.021362,2.4088557,351.8558
601,2018-03-26_01:00:00,9.407166,1.9525778,345.51276
602,2018-03-26_02:00:00,10.63446,1.6158438,332.81165
603,2018-03-26_03:00:00,7.945465,1.5855634,20.750088
604,2018-03-26_04:00:00,7.096161,1.1021042,329.5025
605,2018-03-26_05:00:00,7.084442,0.51639867,301.07288
606,2018-03-26_06:00:00,6.5843506,0.90866756,0.51749676
607,2018-03-26_07:00:00,7.1540527,0.8915807,334.6705
608,2018-03-26_08:00:00,6.396698,0.4572636,348.37766
609,2018-03-26_09:00:00,5.838501,1.3515002,314.53625
610,2018-03-26_10:00:00,6.491791,0.96166945,39.00395
611,2018-03-26_11:00:00,8.936462,0.19243023,292.06967
612,2018-03-26_12:00:00,11.316223,1.5085667,352.31683
613,2018-03-26_13:00:00,12.764099,2.1573527,80.83267
614,2018-03-26_14:00:00,14.028473,1.7233393,78.78662
615,2018-03-26_15:00:00,15.432159,2.585758,65.46266
616,2018-03-26_16:00:00,16.661743,2.9182458,63.26272
617,2018-03-26_17:00:00,17.452148,2.1252975,33.91404
618,2018-03-26_18:00:00,16.727692,4.7026367,281.82513
619,2018-03-26_19:00:00,17.108643,3.5788243,288.49738
620,2018-03-26_20:00:00,17.154297,3.526219,303.43768
621,2018-03-26_21:00:00,15.833893,4.552239,277.95078
622,2018-03-26_22:00:00,15.130066,2.6798284,305.3763
623,2018-03-26_23:00:00,14.124451,1.2102814,59.553146
624,2018-03-27_00:00:00,12.799805,0.7800641,52.64378
625,2018-03-27_01:00:00,11.55304,1.8086212,24.758831
626,2018-03-27_02:00:00,10.827087,1.0826181,306.98004
627,2018-03-27_03:00:00,10.86853,1.8296975,292.92752
628,2018-03-27_04:00:00,11.329895,5.100239,77.283325
629,2018-03-27_05:00:00,10.898163,4.9184484,73.06848
630,2018-03-27_06:00:00,10.222473,6.3268166,79.78342
631,2018-03-27_07:00:00,10.314911,6.3037744,79.38122
632,2018-03-27_08:00:00,9.303406,3.5361629,66.001
633,2018-03-27_09:00:00,8.299683,1.9120936,61.685867
634,2018-03-27_10:00:00,6.798523,1.0233777,271.0125
635,2018-03-27_11:00:00,8.534668,0.40214705,18.977211
636,2018-03-27_12:00:00,11.485565,0.705301,71.68522
637,2018-03-27_13:00:00,13.675049,1.2371264,77.32472
638,2018-03-27_14:00:00,14.81546,2.6725473,55.730057
639,2018-03-27_15:00:00,16.148132,2.0385325,61.393276
640,2018-03-27_16:00:00,17.155853,1.7913085,31.553286
641,2018-03-27_17:00:00,17.687592,1.9328601,351.81085
642,2018-03-27_18:00:00,18.31314,2.1199424,20.951015
643,2018-03-27_19:00:00,19.262054,3.3585107,70.281815
644,2018-03-27_20:00:00,17.750916,2.2571218,302.47403
645,2018-03-27_21:00:00,18.17987,3.0641232,76.79377
646,2018-03-27_22:00:00,16.970123,4.036437,286.65
647,2018-03-27_23:00:00,14.23465,2.2228518,326.9707
648,2018-03-28_00:00:00,12.4461975,1.9309843,12.772992
649,2018-03-28_01:00:00,11.221344,1.7815971,357.06235
650,2018-03-28_02:00:00,10.464508,0.7182891,273.32098
651,2018-03-28_03:00:00,9.990234,0.8512437,27.904089
652,2018-03-28_04:00:00,9.610718,3.0765371,303.71988
653,2018-03-28_05:00:00,10.296631,5.972386,81.20326
654,2018-03-28_06:00:00,9.773987,4.5633364,72.267525
655,2018-03-28_07:00:00,8.471558,0.855836,68.20625
656,2018-03-28_08:00:00,8.815735,0.72983,61.31055
657,2018-03-28_09:00:00,7.6288147,1.0954199,51.439087
658,2018-03-28_10:00:00,6.462097,0.2913059,80.07827
659,2018-03-28_11:00:00,7.157715,1.625431,6.3566804
660,2018-03-28_12:00:00,8.924469,1.1674478,47.26441
661,2018-03-28_13:00:00,10.625214,2.2225833,56.561462
662,2018-03-28_14:00:00,12.19519,3.2288952,65.06022
663,2018-03-28_15:00:00,13.638733,3.2276473,60.8633
664,2018-03-28_16:00:00,15.212036,3.1384315,65.30784
665,2018-03-28_17:00:00,16.56009,2.8703253,53.713528
666,2018-03-28_18:00:00,17.101501,2.391553,353.41873
667,2018-03-28_19:00:00,17.337952,3.589114,296.27075
668,2018-03-28_20:00:00,17.19748,5.0260825,280.98398
669,2018-03-28_21:00:00,16.827576,2.620837,280.1108
670,2018-03-28_22:00:00,16.55246,3.247932,301.3042
671,2018-03-28_23:00:00,14.427948,3.4544244,339.26715
672,2018-03-29_00:00:00,13.117493,0.7676981,327.76422
673,2018-03-29_01:00:00,12.360718,0.12434817,15.7422495
674,2018-03-29_02:00:00,11.311737,0.64928424,74.48186
675,2018-03-29_03:00:00,10.464722,1.0934466,27.943134
676,2018-03-29_04:00:00,10.592651,0.89772403,31.898304
677,2018-03-29_05:00:00,9.894348,1.1255971,27.44025
678,2018-03-29_06:00:00,8.89621,1.3196864,354.8616
679,2018-03-29_07:00:00,8.577057,1.2854636,308.9323
680,2018-03-29_08:00:00,8.384094,3.7908425,85.045
681,2018-03-29_09:00:00,7.828247,1.6831095,39.704643
682,2018-03-29_10:00:00,7.7442627,1.3340381,3.8638318
683,2018-03-29_11:00:00,9.471039,0.9795765,1.5513971
684,2018-03-29_12:00:00,11.339203,1.259081,307.80222
685,2018-03-29_13:00:00,12.573883,2.0648131,80.43079
686,2018-03-29_14:00:00,13.793396,2.1029582,68.49478
687,2018-03-29_15:00:00,15.536865,1.7299355,65.71163
688,2018-03-29_16:00:00,17.182983,2.5812805,75.47995
689,2018-03-29_17:00:00,18.295593,2.5050225,71.200356
690,2018-03-29_18:00:00,18.723633,1.5175439,39.749207
691,2018-03-29_19:00:00,18.76764,0.5977497,86.2605
692,2018-03-29_20:00:00,19.145111,5.1536636,315.2425
693,2018-03-29_21:00:00,18.200806,5.742113,317.80798
694,2018-03-29_22:00:00,16.13272,4.9496055,330.61212
695,2018-03-29_23:00:00,13.964325,4.215011,330.44843
696,2018-03-30_00:00:00,12.601044,1.8012682,331.54608
697,2018-03-30_01:00:00,11.374268,1.2291733,44.04936
698,2018-03-30_02:00:00,10.418762,1.2749705,23.73271
699,2018-03-30_03:00:00,10.285431,0.67021406,301.485
700,2018-03-30_04:00:00,9.465576,1.0865314,40.95274
701,2018-03-30_05:00:00,10.011505,0.66686267,3.7518167
702,2018-03-30_06:00:00,10.154816,1.2953901,345.80795
703,2018-03-30_07:00:00,10.122864,1.9888991,296.4637
704,2018-03-30_08:00:00,9.521088,3.6645565,75.0567
705,2018-03-30_09:00:00,9.5177,2.6174319,55.60278
706,2018-03-30_10:00:00,9.641754,2.087091,15.367501
707,2018-03-30_11:00:00,11.047485,2.1539338,350.20987
708,2018-03-30_12:00:00,11.800476,1.7810504,275.2902
709,2018-03-30_13:00:00,12.375488,1.912937,67.9721
710,2018-03-30_14:00:00,13.854797,1.8433094,80.2954
711,2018-03-30_15:00:00,15.55603,1.8875034,88.46623
712,2018-03-30_16:00:00,17.084076,2.5760524,88.03805
713,2018-03-30_17:00:00,16.98169,3.6351924,301.99854
714,2018-03-30_18:00:00,17.533508,2.803151,313.47644
715,2018-03-30_19:00:00,18.135101,1.2667379,348.40906
716,2018-03-30_20:00:00,18.03305,0.8282954,297.59866
717,2018-03-30_21:00:00,18.182098,4.9379554,306.03006
718,2018-03-30_22:00:00,16.350586,4.506688,328.9216
719,2018-03-30_23:00:00,14.073761,2.8665564,334.43442
720,2018-03-31_00:00:00,12.569946,0.95842487,294.56842
721,2018-03-31_01:00:00,11.427155,1.2216066,26.778696
722,2018-03-31_02:00:00,10.659851,0.9729666,6.137406
723,2018-03-31_03:00:00,10.122437,1.0011824,354.20224
724,2018-03-31_04:00:00,10.641174,0.78429943,37.73649
725,2018-03-31_05:00:00,10.556763,0.22221722,271.21722
726,2018-03-31_06:00:00,10.583282,0.7237826,3.1369383
727,2018-03-31_07:00:00,10.458008,0.98460495,292.98685
728,2018-03-31_08:00:00,9.9869995,5.2974524,78.20233
729,2018-03-31_09:00:00,9.977753,5.7586646,73.022514
730,2018-03-31_10:00:00,9.749054,6.8764777,69.82415
731,2018-03-31_11:00:00,10.603424,2.0581443,50.757473
732,2018-03-31_12:00:00,11.487732,0.19855772,347.66663
733,2018-03-31_13:00:00,12.807465,1.3413749,321.4169
734,2018-03-31_14:00:00,13.98291,1.7723627,65.77774
735,2018-03-31_15:00:00,14.97757,1.361935,13.193676
736,2018-03-31_16:00:00,15.947388,1.8730987,34.071167
737,2018-03-31_17:00:00,16.5448,1.731762,345.0757
738,2018-03-31_18:00:00,16.014008,7.0069757,272.75433
739,2018-03-31_19:00:00,15.369293,6.6751823,86.99836
740,2018-03-31_20:00:00,15.903015,6.5193057,88.68878
741,2018-03-31_21:00:00,14.753204,7.0377245,87.744865
742,2018-03-31_22:00:00,14.277771,4.255259,87.91364
743,2018-03-31_23:00:00,13.574463,1.188472,79.06381
