,Time,T2s_1s,W10s_1s,Wds_1s
0,2018-03-01_00:00:00,11.557983,1.8850077,281.1072
1,2018-03-01_01:00:00,11.13501,1.6292721,54.159218
2,2018-03-01_02:00:00,12.176117,0.5601116,312.21466
3,2018-03-01_03:00:00,10.9531555,0.9565132,57.29569
4,2018-03-01_04:00:00,10.624451,0.36166584,13.745016
5,2018-03-01_05:00:00,9.916779,1.637891,291.0241
6,2018-03-01_06:00:00,11.571136,6.1148205,66.176216
7,2018-03-01_07:00:00,9.970215,8.522695,89.78497
8,2018-03-01_08:00:00,10.645142,7.726603,76.15119
9,2018-03-01_09:00:00,10.17038,8.60964,77.64586
10,2018-03-01_10:00:00,10.978699,7.4643927,69.107925
11,2018-03-01_11:00:00,11.53952,8.65507,72.578255
12,2018-03-01_12:00:00,11.855835,9.94408,78.64053
13,2018-03-01_13:00:00,13.458038,9.812434,76.762596
14,2018-03-01_14:00:00,13.81897,10.903106,79.5354
15,2018-03-01_15:00:00,14.356689,11.023439,77.9535
16,2018-03-01_16:00:00,15.779938,10.223667,79.99855
17,2018-03-01_17:00:00,15.373322,10.303197,76.00776
18,2018-03-01_18:00:00,17.361969,8.079074,80.027534
19,2018-03-01_19:00:00,17.835876,7.259769,84.05105
20,2018-03-01_20:00:00,16.615173,8.094408,82.218575
21,2018-03-01_21:00:00,15.486877,8.309604,81.208534
22,2018-03-01_22:00:00,14.67807,6.874857,80.4755
23,2018-03-01_23:00:00,12.877045,6.2190003,73.465355
24,2018-03-02_00:00:00,13.1102295,4.947144,76.4968
25,2018-03-02_01:00:00,12.67511,3.5932887,65.02766
26,2018-03-02_02:00:00,11.757355,2.4755228,74.91386
27,2018-03-02_03:00:00,11.878265,0.88825047,305.6902
28,2018-03-02_04:00:00,11.382233,5.3570833,75.29301
29,2018-03-02_05:00:00,11.1605835,6.692756,82.004036
30,2018-03-02_06:00:00,11.212921,7.529258,72.78584
31,2018-03-02_07:00:00,10.79364,8.581534,77.237785
32,2018-03-02_08:00:00,11.515839,6.252171,64.625656
33,2018-03-02_09:00:00,8.978241,1.3039708,16.362383
34,2018-03-02_10:00:00,9.074432,4.009183,88.21507
35,2018-03-02_11:00:00,11.139587,7.1831822,72.25912
36,2018-03-02_12:00:00,12.632751,8.08566,79.25884
37,2018-03-02_13:00:00,13.456116,7.797916,85.7177
38,2018-03-02_14:00:00,14.366119,6.0748267,81.29942
39,2018-03-02_15:00:00,14.2812805,8.295911,87.367386
40,2018-03-02_16:00:00,14.869568,8.185056,78.11122
41,2018-03-02_17:00:00,14.749817,8.948021,82.687
42,2018-03-02_18:00:00,15.1684265,8.555978,78.93862
43,2018-03-02_19:00:00,15.735016,7.6218476,83.85387
44,2018-03-02_20:00:00,14.751099,7.893286,77.42767
45,2018-03-02_21:00:00,14.6839905,6.877513,69.194046
46,2018-03-02_22:00:00,14.241943,6.454878,74.947174
47,2018-03-02_23:00:00,13.191589,6.0382123,66.62577
48,2018-03-03_00:00:00,13.450928,3.736132,54.519722
49,2018-03-03_01:00:00,13.18692,1.5630132,26.953028
50,2018-03-03_02:00:00,12.341187,0.970134,338.53998
51,2018-03-03_03:00:00,11.522614,1.7399213,284.92865
52,2018-03-03_04:00:00,11.079102,1.2826967,277.12833
53,2018-03-03_05:00:00,11.250122,1.4070323,54.26754
54,2018-03-03_06:00:00,11.259491,1.2944376,49.96755
55,2018-03-03_07:00:00,11.210999,0.97505176,51.8293
56,2018-03-03_08:00:00,11.151764,1.1100237,20.12449
57,2018-03-03_09:00:00,10.8974,1.0814489,25.998762
58,2018-03-03_10:00:00,10.429626,1.171665,78.06456
59,2018-03-03_11:00:00,10.972839,0.3611819,280.48578
60,2018-03-03_12:00:00,11.54184,2.8075354,275.69922
61,2018-03-03_13:00:00,12.782043,4.856218,85.91023
62,2018-03-03_14:00:00,14.69342,6.7574673,84.72797
63,2018-03-03_15:00:00,14.955414,8.499166,80.70982
64,2018-03-03_16:00:00,15.108093,8.9537945,81.452866
65,2018-03-03_17:00:00,14.774109,8.758745,80.58038
66,2018-03-03_18:00:00,14.426727,7.846011,81.872444
67,2018-03-03_19:00:00,14.952087,7.7021613,75.552444
68,2018-03-03_20:00:00,14.764343,7.847709,76.00299
69,2018-03-03_21:00:00,13.711365,8.371961,76.1637
70,2018-03-03_22:00:00,12.90213,8.389818,76.97281
71,2018-03-03_23:00:00,12.813965,8.313434,72.54927
72,2018-03-04_00:00:00,12.377747,7.117373,73.97329
73,2018-03-04_01:00:00,12.181641,6.99204,84.247215
74,2018-03-04_02:00:00,12.112274,5.1467175,83.07153
75,2018-03-04_03:00:00,11.695557,5.0754356,88.350975
76,2018-03-04_04:00:00,11.842865,6.268093,78.14069
77,2018-03-04_05:00:00,12.562714,1.431422,31.46429
78,2018-03-04_06:00:00,12.306641,1.1510353,29.94518
79,2018-03-04_07:00:00,12.574097,1.3855621,13.918941
80,2018-03-04_08:00:00,11.34491,2.1646764,13.1844
81,2018-03-04_09:00:00,10.994507,2.8716576,296.42316
82,2018-03-04_10:00:00,10.49527,1.7787986,83.46541
83,2018-03-04_11:00:00,11.2361145,1.6515228,79.32522
84,2018-03-04_12:00:00,12.075684,5.8990674,83.32392
85,2018-03-04_13:00:00,12.478912,6.464747,81.37722
86,2018-03-04_14:00:00,14.018555,6.9765744,82.38947
87,2018-03-04_15:00:00,13.523285,9.181851,77.59069
88,2018-03-04_16:00:00,12.876465,10.537606,79.635
89,2018-03-04_17:00:00,11.941376,12.4055195,80.56954
90,2018-03-04_18:00:00,14.855133,11.468443,73.224625
91,2018-03-04_19:00:00,16.47049,8.8229265,73.75587
92,2018-03-04_20:00:00,15.823975,2.1482408,285.6741
93,2018-03-04_21:00:00,13.469696,3.0435135,65.47504
94,2018-03-04_22:00:00,13.583771,3.9715433,280.07916
95,2018-03-04_23:00:00,13.193146,4.034739,295.4043
96,2018-03-05_00:00:00,12.878601,5.7409425,318.98526
97,2018-03-05_01:00:00,12.840424,4.859595,320.86304
98,2018-03-05_02:00:00,11.8905945,4.0745554,66.38686
99,2018-03-05_03:00:00,11.840759,3.3092222,32.173256
100,2018-03-05_04:00:00,11.761261,3.6443567,49.670387
101,2018-03-05_05:00:00,11.138702,3.9301379,308.2346
102,2018-03-05_06:00:00,11.92395,3.7866967,24.188986
103,2018-03-05_07:00:00,11.007263,1.5259354,320.7665
104,2018-03-05_08:00:00,10.070831,1.4881438,307.9887
105,2018-03-05_09:00:00,10.204437,4.6526866,88.61037
106,2018-03-05_10:00:00,11.012604,1.5415227,58.69665
107,2018-03-05_11:00:00,10.130035,2.3000746,308.64743
108,2018-03-05_12:00:00,11.584747,2.8218899,280.16486
109,2018-03-05_13:00:00,11.653595,5.3622565,76.24727
110,2018-03-05_14:00:00,11.356659,8.159138,82.25783
111,2018-03-05_15:00:00,11.07486,9.377951,81.72467
112,2018-03-05_16:00:00,11.721954,8.627992,76.899574
113,2018-03-05_17:00:00,13.909943,7.2199907,67.07913
114,2018-03-05_18:00:00,14.361206,1.8585929,340.10522
115,2018-03-05_19:00:00,14.170166,2.926698,271.39587
116,2018-03-05_20:00:00,12.940216,2.3372228,305.02213
117,2018-03-05_21:00:00,12.95636,1.9380144,22.789257
118,2018-03-05_22:00:00,13.062439,2.6834006,313.30475
119,2018-03-05_23:00:00,12.991394,1.9163737,297.85495
120,2018-03-06_00:00:00,11.932373,3.9153984,52.051888
121,2018-03-06_01:00:00,10.033691,2.6305006,42.3837
122,2018-03-06_02:00:00,10.2118225,1.8453339,66.32545
123,2018-03-06_03:00:00,10.4427185,1.8240836,24.533957
124,2018-03-06_04:00:00,10.311401,1.1446722,30.6747
125,2018-03-06_05:00:00,10.395325,2.1894243,56.72034
126,2018-03-06_06:00:00,10.292084,3.010205,46.750687
127,2018-03-06_07:00:00,10.0633545,2.1747758,335.6694
128,2018-03-06_08:00:00,9.513123,9.35751,88.76065
129,2018-03-06_09:00:00,9.793701,5.500146,73.89977
130,2018-03-06_10:00:00,8.728119,0.55758363,305.69263
131,2018-03-06_11:00:00,9.048737,3.6132324,86.05255
132,2018-03-06_12:00:00,9.800964,0.54088867,282.23563
133,2018-03-06_13:00:00,9.732727,1.9827061,51.201645
134,2018-03-06_14:00:00,11.08905,0.8896796,279.92493
135,2018-03-06_15:00:00,10.903351,3.4319155,279.4701
136,2018-03-06_16:00:00,11.685486,5.04574,281.5431
137,2018-03-06_17:00:00,12.364777,7.6147637,272.15744
138,2018-03-06_18:00:00,12.733154,7.002079,88.24846
139,2018-03-06_19:00:00,11.048676,8.306107,86.7533
140,2018-03-06_20:00:00,10.945923,9.121862,84.44363
141,2018-03-06_21:00:00,11.048889,8.13844,81.43906
142,2018-03-06_22:00:00,10.061401,7.3922186,88.17084
143,2018-03-06_23:00:00,10.036835,6.8758698,73.488495
144,2018-03-07_00:00:00,10.9331665,3.966882,57.384808
145,2018-03-07_01:00:00,9.652466,2.2014859,285.81613
146,2018-03-07_02:00:00,9.504944,0.62452036,12.992716
147,2018-03-07_03:00:00,9.484955,2.0912359,30.651003
148,2018-03-07_04:00:00,9.0737,1.1931069,324.94574
149,2018-03-07_05:00:00,9.37265,2.8940527,84.926636
150,2018-03-07_06:00:00,9.403778,2.7109447,73.88765
151,2018-03-07_07:00:00,9.396606,2.1565022,66.216835
152,2018-03-07_08:00:00,9.151367,3.481434,77.00021
153,2018-03-07_09:00:00,8.75885,4.409925,89.99076
154,2018-03-07_10:00:00,8.601196,4.28949,84.9494
155,2018-03-07_11:00:00,8.793671,5.746082,86.44675
156,2018-03-07_12:00:00,9.049316,7.2006435,82.08594
157,2018-03-07_13:00:00,10.701141,5.716718,83.90736
158,2018-03-07_14:00:00,11.344482,7.07696,80.05908
159,2018-03-07_15:00:00,11.553253,8.394648,76.52646
160,2018-03-07_16:00:00,10.773499,9.018147,74.96324
161,2018-03-07_17:00:00,10.593658,9.303779,78.275154
162,2018-03-07_18:00:00,11.354706,10.236875,75.10884
163,2018-03-07_19:00:00,12.349091,10.119892,76.17078
164,2018-03-07_20:00:00,11.8828125,10.089317,77.652214
165,2018-03-07_21:00:00,12.171448,8.19591,72.57174
166,2018-03-07_22:00:00,11.740082,6.369728,76.21296
167,2018-03-07_23:00:00,10.697876,4.302189,67.87975
168,2018-03-08_00:00:00,10.496887,3.6411676,72.867
169,2018-03-08_01:00:00,10.348541,3.7793932,78.413124
170,2018-03-08_02:00:00,9.787109,0.72495425,85.16966
171,2018-03-08_03:00:00,9.457031,2.37052,81.93485
172,2018-03-08_04:00:00,9.461548,1.397241,44.020058
173,2018-03-08_05:00:00,9.023071,1.532755,24.500696
174,2018-03-08_06:00:00,7.8060913,2.3271034,272.70792
175,2018-03-08_07:00:00,9.268036,4.6806297,85.175385
176,2018-03-08_08:00:00,10.159454,5.506585,70.87008
177,2018-03-08_09:00:00,9.770447,6.898443,75.06679
178,2018-03-08_10:00:00,9.171356,7.8253384,76.37224
179,2018-03-08_11:00:00,9.196136,7.5670037,74.9123
180,2018-03-08_12:00:00,9.597809,8.455943,75.99831
181,2018-03-08_13:00:00,10.010742,9.228973,75.065926
182,2018-03-08_14:00:00,10.541748,9.652812,77.145966
183,2018-03-08_15:00:00,10.355133,9.54254,76.44541
184,2018-03-08_16:00:00,11.402344,10.757613,77.979774
185,2018-03-08_17:00:00,12.221619,11.24845,75.20962
186,2018-03-08_18:00:00,12.364471,11.728118,73.82445
187,2018-03-08_19:00:00,12.4053955,11.07031,73.81382
188,2018-03-08_20:00:00,12.680328,9.572795,71.43766
189,2018-03-08_21:00:00,13.100342,7.0217333,78.65276
190,2018-03-08_22:00:00,12.8871155,4.1686707,83.603065
191,2018-03-08_23:00:00,11.334717,1.2809058,8.455415
192,2018-03-09_00:00:00,12.573822,0.63716435,0.40269703
193,2018-03-09_01:00:00,11.164185,3.4606733,31.225111
194,2018-03-09_02:00:00,10.63092,4.1362495,49.226818
195,2018-03-09_03:00:00,10.487396,4.3920417,59.427357
196,2018-03-09_04:00:00,10.419434,3.0684085,62.11651
197,2018-03-09_05:00:00,10.34259,2.7745907,50.273823
198,2018-03-09_06:00:00,10.33548,2.0165045,54.559612
199,2018-03-09_07:00:00,10.325226,2.4510636,68.77902
200,2018-03-09_08:00:00,10.290009,2.5303705,57.147614
201,2018-03-09_09:00:00,10.186157,3.2828052,51.484806
202,2018-03-09_10:00:00,9.979095,2.9355857,52.35208
203,2018-03-09_11:00:00,9.840576,3.0628166,49.7252
204,2018-03-09_12:00:00,9.873474,2.4079525,49.975365
205,2018-03-09_13:00:00,10.323669,0.9390062,20.26652
206,2018-03-09_14:00:00,10.824921,1.5336727,356.66425
207,2018-03-09_15:00:00,11.275299,3.3764493,290.07867
208,2018-03-09_16:00:00,11.911499,6.126348,273.15256
209,2018-03-09_17:00:00,12.502502,6.610726,86.573685
210,2018-03-09_18:00:00,13.305695,6.357749,84.25576
211,2018-03-09_19:00:00,15.371246,2.9742079,278.29828
212,2018-03-09_20:00:00,12.350403,6.676171,272.4031
213,2018-03-09_21:00:00,12.521423,7.362093,86.1229
214,2018-03-09_22:00:00,12.010803,6.4770536,79.56648
215,2018-03-09_23:00:00,11.29068,5.3738537,81.17631
216,2018-03-10_00:00:00,12.151886,2.4987972,76.41326
217,2018-03-10_01:00:00,11.838348,0.95264137,292.99655
218,2018-03-10_02:00:00,11.482849,3.014222,80.947556
219,2018-03-10_03:00:00,11.500793,3.3212695,73.849785
220,2018-03-10_04:00:00,11.014191,3.0395317,58.33832
221,2018-03-10_05:00:00,10.797882,2.3309314,40.240723
222,2018-03-10_06:00:00,10.742523,2.0466142,44.448704
223,2018-03-10_07:00:00,10.536224,1.4413626,321.49478
224,2018-03-10_08:00:00,10.340759,1.7846731,279.81522
225,2018-03-10_09:00:00,10.114441,0.90460175,28.064611
226,2018-03-10_10:00:00,8.358215,2.067841,67.38496
227,2018-03-10_11:00:00,9.983612,2.6883209,65.49656
228,2018-03-10_12:00:00,11.86911,2.8650796,277.66617
229,2018-03-10_13:00:00,12.78479,4.2777987,84.57536
230,2018-03-10_14:00:00,13.340149,5.6535068,82.951965
231,2018-03-10_15:00:00,13.633972,5.5676975,83.238846
232,2018-03-10_16:00:00,15.125488,5.0290694,85.95165
233,2018-03-10_17:00:00,15.090271,5.624972,86.3952
234,2018-03-10_18:00:00,15.186188,5.990264,87.69421
235,2018-03-10_19:00:00,16.188934,6.1551476,85.420525
236,2018-03-10_20:00:00,15.512878,6.4352636,84.459564
237,2018-03-10_21:00:00,14.490936,6.597869,78.84017
238,2018-03-10_22:00:00,14.812775,5.4082565,73.52723
239,2018-03-10_23:00:00,13.434235,4.289606,66.48649
240,2018-03-11_00:00:00,12.855835,2.610626,69.674484
241,2018-03-11_01:00:00,13.85907,1.3483269,359.596
242,2018-03-11_02:00:00,11.451996,2.0836594,301.7997
243,2018-03-11_03:00:00,10.900909,2.2331703,280.8399
244,2018-03-11_04:00:00,10.839874,1.8743315,76.08578
245,2018-03-11_05:00:00,10.173431,1.5841027,274.40332
246,2018-03-11_06:00:00,10.0234375,1.7331722,295.2736
247,2018-03-11_07:00:00,9.461914,1.8459636,291.6115
248,2018-03-11_08:00:00,9.372925,1.945086,319.583
249,2018-03-11_09:00:00,9.267883,1.62982,278.66693
250,2018-03-11_10:00:00,9.489105,1.4965765,61.83067
251,2018-03-11_11:00:00,12.449219,0.58831626,303.6151
252,2018-03-11_12:00:00,13.340546,1.4246142,59.04103
253,2018-03-11_13:00:00,14.377411,1.2198411,16.82814
254,2018-03-11_14:00:00,15.609009,3.9687235,285.86243
255,2018-03-11_15:00:00,15.044861,4.9518623,271.08234
256,2018-03-11_16:00:00,13.431824,5.5674486,74.88229
257,2018-03-11_17:00:00,15.812958,5.408652,279.74283
258,2018-03-11_18:00:00,16.952423,1.814169,321.49365
259,2018-03-11_19:00:00,17.75,3.21866,63.02571
260,2018-03-11_20:00:00,18.009155,3.7930372,284.3384
261,2018-03-11_21:00:00,18.195984,4.159898,286.68073
262,2018-03-11_22:00:00,16.359253,6.267103,310.7037
263,2018-03-11_23:00:00,14.467529,4.76788,326.86658
264,2018-03-12_00:00:00,13.647339,3.539265,344.50037
265,2018-03-12_01:00:00,11.957703,1.857718,48.07729
266,2018-03-12_02:00:00,13.214142,1.5681604,273.20715
267,2018-03-12_03:00:00,12.437714,1.6982551,275.82092
268,2018-03-12_04:00:00,10.859833,1.5404335,290.40796
269,2018-03-12_05:00:00,10.605103,1.3905679,282.73633
270,2018-03-12_06:00:00,10.379425,2.4727006,34.77254
271,2018-03-12_07:00:00,10.51535,1.818533,36.575077
272,2018-03-12_08:00:00,10.276337,1.2007836,297.64783
273,2018-03-12_09:00:00,10.5780945,1.8184892,299.2313
274,2018-03-12_10:00:00,8.164856,1.9423231,321.93155
275,2018-03-12_11:00:00,10.2655945,1.4137025,272.14813
276,2018-03-12_12:00:00,11.137024,1.973996,270.32977
277,2018-03-12_13:00:00,12.704102,2.8267455,61.47205
278,2018-03-12_14:00:00,13.563873,3.466988,76.57502
279,2018-03-12_15:00:00,14.768372,3.9465704,75.428795
280,2018-03-12_16:00:00,15.893311,4.6165605,68.366714
281,2018-03-12_17:00:00,16.903107,4.8909106,69.240166
282,2018-03-12_18:00:00,17.799927,5.724109,78.6563
283,2018-03-12_19:00:00,18.452576,6.1961374,272.66418
284,2018-03-12_20:00:00,18.420258,6.070612,296.06952
285,2018-03-12_21:00:00,17.731232,4.3046665,313.69836
286,2018-03-12_22:00:00,15.536163,1.173748,57.350105
287,2018-03-12_23:00:00,12.372437,2.257021,76.17116
288,2018-03-13_00:00:00,11.976959,2.6298559,77.03973
289,2018-03-13_01:00:00,11.538818,2.3260736,58.94898
290,2018-03-13_02:00:00,10.661957,1.6623194,80.569695
291,2018-03-13_03:00:00,10.784973,0.61811286,351.73874
292,2018-03-13_04:00:00,9.495972,1.3224419,15.847271
293,2018-03-13_05:00:00,9.575592,0.3073825,41.20062
294,2018-03-13_06:00:00,9.057709,1.3621011,299.99243
295,2018-03-13_07:00:00,8.940826,1.4596872,327.6427
296,2018-03-13_08:00:00,9.102234,1.501292,332.56888
297,2018-03-13_09:00:00,9.033203,1.2861571,312.82584
298,2018-03-13_10:00:00,8.981537,1.4982301,73.02343
299,2018-03-13_11:00:00,11.210541,2.725216,72.31932
300,2018-03-13_12:00:00,14.263367,1.0158589,79.82426
301,2018-03-13_13:00:00,14.768127,1.4078854,29.8946
302,2018-03-13_14:00:00,15.12207,4.5029325,278.61877
303,2018-03-13_15:00:00,16.529266,3.7047925,287.10474
304,2018-03-13_16:00:00,16.824188,3.928528,282.91653
305,2018-03-13_17:00:00,17.852875,1.8590655,309.755
306,2018-03-13_18:00:00,19.620209,2.7216878,65.015366
307,2018-03-13_19:00:00,19.395508,1.6235654,19.64042
308,2018-03-13_20:00:00,17.581482,4.359221,286.13995
309,2018-03-13_21:00:00,17.07483,3.495555,280.22275
310,2018-03-13_22:00:00,15.759399,4.6793275,84.1082
311,2018-03-13_23:00:00,13.656464,5.3874,73.95811
312,2018-03-14_00:00:00,13.172333,5.583032,75.84689
313,2018-03-14_01:00:00,13.037018,3.058857,67.464676
314,2018-03-14_02:00:00,12.693268,3.7958393,76.67316
315,2018-03-14_03:00:00,11.662262,2.3388698,68.91866
316,2018-03-14_04:00:00,12.832275,2.7502532,35.82588
317,2018-03-14_05:00:00,11.509735,1.5866205,279.5796
318,2018-03-14_06:00:00,11.201355,1.9760876,280.5086
319,2018-03-14_07:00:00,10.112335,1.4857495,357.7064
320,2018-03-14_08:00:00,10.317963,1.1786605,60.577934
321,2018-03-14_09:00:00,10.969757,0.79875505,47.85167
322,2018-03-14_10:00:00,10.179626,0.8362394,307.13132
323,2018-03-14_11:00:00,11.267822,3.0244882,273.50232
324,2018-03-14_12:00:00,13.166412,3.6291306,84.81684
325,2018-03-14_13:00:00,14.726715,2.65325,291.99783
326,2018-03-14_14:00:00,15.175781,1.9030952,10.63591
327,2018-03-14_15:00:00,14.986023,4.2956986,280.0932
328,2018-03-14_16:00:00,15.098572,5.690259,273.1551
329,2018-03-14_17:00:00,16.504578,6.0570154,272.8994
330,2018-03-14_18:00:00,16.583466,6.573861,272.2011
331,2018-03-14_19:00:00,16.732239,5.669493,280.91113
332,2018-03-14_20:00:00,16.378479,6.3405385,85.07031
333,2018-03-14_21:00:00,16.297882,5.411115,80.585655
334,2018-03-14_22:00:00,15.676941,5.729761,84.74503
335,2018-03-14_23:00:00,14.751343,5.522788,80.31465
336,2018-03-15_00:00:00,13.417267,6.2848997,68.80251
337,2018-03-15_01:00:00,13.090179,7.1063156,77.33747
338,2018-03-15_02:00:00,12.739319,6.4295073,70.15298
339,2018-03-15_03:00:00,12.299194,6.332956,71.653366
340,2018-03-15_04:00:00,12.174408,6.5533175,79.45295
341,2018-03-15_05:00:00,12.538971,7.51229,67.53373
342,2018-03-15_06:00:00,12.2708435,7.0709715,74.239746
343,2018-03-15_07:00:00,12.309265,6.190842,72.06404
344,2018-03-15_08:00:00,12.419769,5.7633047,70.34894
345,2018-03-15_09:00:00,11.786102,5.7949004,72.95135
346,2018-03-15_10:00:00,11.938507,5.592698,72.87279
347,2018-03-15_11:00:00,12.46347,6.2425284,71.562805
348,2018-03-15_12:00:00,14.601471,4.933165,81.24917
349,2018-03-15_13:00:00,15.012299,5.7868557,84.023605
350,2018-03-15_14:00:00,15.531708,7.2441287,85.22972
351,2018-03-15_15:00:00,16.138458,6.4413767,87.08226
352,2018-03-15_16:00:00,15.838379,6.462677,84.464355
353,2018-03-15_17:00:00,15.366547,6.729339,85.68604
354,2018-03-15_18:00:00,15.428131,1.7813891,81.88064
355,2018-03-15_19:00:00,16.3732,0.1693873,337.6906
356,2018-03-15_20:00:00,15.773621,3.2057552,285.16486
357,2018-03-15_21:00:00,15.608185,2.7205384,279.57703
358,2018-03-15_22:00:00,15.860443,1.4308717,309.64374
359,2018-03-15_23:00:00,13.654541,1.1784776,307.36432
360,2018-03-16_00:00:00,13.412903,3.404423,323.3347
361,2018-03-16_01:00:00,12.282196,1.783885,5.250439
362,2018-03-16_02:00:00,12.358948,3.1265755,274.84216
363,2018-03-16_03:00:00,10.641235,1.5336286,308.7825
364,2018-03-16_04:00:00,10.2276,1.9084563,89.181175
365,2018-03-16_05:00:00,9.89447,0.5667711,65.714615
366,2018-03-16_06:00:00,11.082001,2.6788967,68.3973
367,2018-03-16_07:00:00,11.027924,3.2437072,34.625813
368,2018-03-16_08:00:00,10.5312805,2.3998163,16.784483
369,2018-03-16_09:00:00,10.428162,1.3191652,343.53674
370,2018-03-16_10:00:00,9.038391,2.0479357,73.89649
371,2018-03-16_11:00:00,11.23587,2.1996284,74.403435
372,2018-03-16_12:00:00,10.974731,0.5634799,276.2978
373,2018-03-16_13:00:00,13.05014,1.0252997,58.760075
374,2018-03-16_14:00:00,14.04303,3.0982237,298.0753
375,2018-03-16_15:00:00,15.736786,1.382985,36.956627
376,2018-03-16_16:00:00,15.677216,4.7315807,84.785774
377,2018-03-16_17:00:00,16.756592,4.047598,285.07776
378,2018-03-16_18:00:00,17.29065,4.556717,280.68036
379,2018-03-16_19:00:00,16.302948,5.872295,278.3814
380,2018-03-16_20:00:00,16.58435,4.865077,87.04816
381,2018-03-16_21:00:00,15.332947,5.5320525,82.37973
382,2018-03-16_22:00:00,14.864319,4.146524,80.75081
383,2018-03-16_23:00:00,12.981232,5.448326,76.49484
384,2018-03-17_00:00:00,12.511139,1.5358871,348.87857
385,2018-03-17_01:00:00,12.095978,2.5737276,304.0049
386,2018-03-17_02:00:00,12.100708,2.4585996,305.62048
387,2018-03-17_03:00:00,10.810303,2.127293,79.92727
388,2018-03-17_04:00:00,10.72998,1.8827676,67.60431
389,2018-03-17_05:00:00,11.25946,1.6103294,281.8268
390,2018-03-17_06:00:00,11.057861,1.5062606,76.784325
391,2018-03-17_07:00:00,10.152435,1.4680327,292.78308
392,2018-03-17_08:00:00,9.461548,2.1854162,285.42578
393,2018-03-17_09:00:00,8.670654,1.7663082,275.09366
394,2018-03-17_10:00:00,8.409729,1.1179826,272.88223
395,2018-03-17_11:00:00,11.017578,1.0876516,291.41968
396,2018-03-17_12:00:00,12.199768,2.047766,80.84776
397,2018-03-17_13:00:00,14.00592,2.7753482,65.08804
398,2018-03-17_14:00:00,14.789124,2.4402812,60.697323
399,2018-03-17_15:00:00,15.054169,1.3242482,340.8182
400,2018-03-17_16:00:00,14.285767,3.7967656,79.45459
401,2018-03-17_17:00:00,15.275726,1.3406583,335.14093
402,2018-03-17_18:00:00,17.144989,2.6325743,312.66254
403,2018-03-17_19:00:00,17.700348,2.4240305,319.1233
404,2018-03-17_20:00:00,18.39804,4.6627526,292.0273
405,2018-03-17_21:00:00,17.995087,5.606162,293.14453
406,2018-03-17_22:00:00,16.470337,4.965184,301.31873
407,2018-03-17_23:00:00,14.18808,4.4357514,336.95447
408,2018-03-18_00:00:00,13.825806,4.534437,333.70886
409,2018-03-18_01:00:00,13.011993,3.760396,329.2196
410,2018-03-18_02:00:00,12.6041565,3.2050264,320.341
411,2018-03-18_03:00:00,11.6033325,2.2840836,289.641
412,2018-03-18_04:00:00,10.528259,1.9518545,84.931496
413,2018-03-18_05:00:00,10.520782,1.8837073,272.80002
414,2018-03-18_06:00:00,9.986755,1.9267329,310.33478
415,2018-03-18_07:00:00,10.241455,2.4422646,301.00397
416,2018-03-18_08:00:00,9.190643,2.5171409,305.28595
417,2018-03-18_09:00:00,8.803375,2.2890167,298.36502
418,2018-03-18_10:00:00,8.586884,1.6286303,300.014
419,2018-03-18_11:00:00,11.160706,1.6499425,316.8232
420,2018-03-18_12:00:00,13.022644,1.3922851,43.018974
421,2018-03-18_13:00:00,14.448578,2.4849513,57.190075
422,2018-03-18_14:00:00,14.346619,0.96823376,317.99207
423,2018-03-18_15:00:00,15.958771,1.2117883,40.89259
424,2018-03-18_16:00:00,16.527283,2.6012928,295.16052
425,2018-03-18_17:00:00,17.92395,3.994861,67.81931
426,2018-03-18_18:00:00,18.915894,5.6458693,85.804726
427,2018-03-18_19:00:00,19.305237,4.6413383,273.1007
428,2018-03-18_20:00:00,19.60379,4.6288767,289.91434
429,2018-03-18_21:00:00,16.969208,1.8810995,85.74397
430,2018-03-18_22:00:00,14.726044,4.1024327,77.663155
431,2018-03-18_23:00:00,12.971771,3.8358257,66.123
432,2018-03-19_00:00:00,12.7438965,2.7393837,55.715836
433,2018-03-19_01:00:00,12.015808,2.66579,59.6901
434,2018-03-19_02:00:00,11.937256,1.1039231,327.34015
435,2018-03-19_03:00:00,12.3984375,3.742185,296.83203
436,2018-03-19_04:00:00,11.85083,3.028547,284.79053
437,2018-03-19_05:00:00,11.199982,3.639367,84.73795
438,2018-03-19_06:00:00,11.306091,3.5234632,72.14242
439,2018-03-19_07:00:00,11.350342,3.7282934,68.992744
440,2018-03-19_08:00:00,11.058228,4.2351646,73.93796
441,2018-03-19_09:00:00,10.742493,4.2112145,54.46595
442,2018-03-19_10:00:00,10.533661,4.049665,37.162086
443,2018-03-19_11:00:00,10.612915,3.1510065,308.6385
444,2018-03-19_12:00:00,10.95813,3.8307967,287.46753
445,2018-03-19_13:00:00,10.73407,3.8273468,76.11776
446,2018-03-19_14:00:00,11.037048,7.8363256,76.67099
447,2018-03-19_15:00:00,12.301239,4.747277,277.04593
448,2018-03-19_16:00:00,12.603516,4.5530434,89.836525
449,2018-03-19_17:00:00,12.960876,5.16801,76.09556
450,2018-03-19_18:00:00,14.05368,6.1268115,276.3546
451,2018-03-19_19:00:00,13.846771,7.22155,288.2804
452,2018-03-19_20:00:00,14.124817,7.443409,315.46423
453,2018-03-19_21:00:00,13.621033,6.5932536,316.93625
454,2018-03-19_22:00:00,13.825623,4.9270535,292.842
455,2018-03-19_23:00:00,12.424713,1.6276884,305.49176
456,2018-03-20_00:00:00,10.054871,2.2917037,287.90002
457,2018-03-20_01:00:00,9.297089,2.3156033,290.8914
458,2018-03-20_02:00:00,8.716644,1.8693206,61.88116
459,2018-03-20_03:00:00,8.129669,1.741796,46.514378
460,2018-03-20_04:00:00,9.553436,1.5253714,58.41285
461,2018-03-20_05:00:00,9.691284,2.7974117,65.50343
462,2018-03-20_06:00:00,9.580414,3.400445,76.25864
463,2018-03-20_07:00:00,9.489014,2.9292953,273.40646
464,2018-03-20_08:00:00,7.4208374,1.9091438,287.65332
465,2018-03-20_09:00:00,7.6903076,1.2890322,314.806
466,2018-03-20_10:00:00,8.239655,0.63512933,307.3052
467,2018-03-20_11:00:00,10.020538,1.4987963,324.44122
468,2018-03-20_12:00:00,11.401245,2.7023144,278.5138
469,2018-03-20_13:00:00,12.316162,3.1361327,85.407684
470,2018-03-20_14:00:00,13.204163,4.2682147,82.39065
471,2018-03-20_15:00:00,14.451691,5.3008184,83.98796
472,2018-03-20_16:00:00,15.37619,5.8985486,80.20937
473,2018-03-20_17:00:00,15.99057,6.7816386,87.85187
474,2018-03-20_18:00:00,16.654266,6.3723655,86.80944
475,2018-03-20_19:00:00,17.212402,6.5248246,276.18878
476,2018-03-20_20:00:00,16.66626,7.0868583,294.00134
477,2018-03-20_21:00:00,15.8220215,6.8065944,303.76956
478,2018-03-20_22:00:00,14.417358,6.1740365,313.0878
479,2018-03-20_23:00:00,13.460815,5.8915763,320.74945
480,2018-03-21_00:00:00,12.546631,4.6607237,318.1955
481,2018-03-21_01:00:00,12.781555,4.074027,319.02695
482,2018-03-21_02:00:00,11.804108,2.7476377,292.83728
483,2018-03-21_03:00:00,10.912048,3.4917498,89.101
484,2018-03-21_04:00:00,10.543182,4.0936656,308.56503
485,2018-03-21_05:00:00,9.334747,5.0417676,301.28415
486,2018-03-21_06:00:00,8.479065,4.698983,280.06293
487,2018-03-21_07:00:00,7.119995,3.7116864,69.81767
488,2018-03-21_08:00:00,7.6893616,3.7355063,277.12302
489,2018-03-21_09:00:00,7.2061157,4.117166,78.57162
490,2018-03-21_10:00:00,7.2717285,3.2250602,288.1397
491,2018-03-21_11:00:00,7.6131897,2.9945984,289.4583
492,2018-03-21_12:00:00,8.907501,3.439236,89.008286
493,2018-03-21_13:00:00,9.704773,4.046485,86.98752
494,2018-03-21_14:00:00,10.851654,4.556144,81.582695
495,2018-03-21_15:00:00,12.336182,4.5387487,77.84163
496,2018-03-21_16:00:00,13.703888,4.8478684,77.968
497,2018-03-21_17:00:00,14.931366,4.628824,80.36078
498,2018-03-21_18:00:00,15.801849,4.914467,81.48825
499,2018-03-21_19:00:00,16.30954,4.350336,82.310555
500,2018-03-21_20:00:00,16.486511,3.4586153,271.385
501,2018-03-21_21:00:00,15.094269,1.4525841,319.8278
502,2018-03-21_22:00:00,13.299042,4.373035,273.79816
503,2018-03-21_23:00:00,11.933685,2.9799178,76.88329
504,2018-03-22_00:00:00,11.981934,1.3137306,61.144596
505,2018-03-22_01:00:00,11.550354,2.0438669,273.5865
506,2018-03-22_02:00:00,10.980774,1.8344467,285.02692
507,2018-03-22_03:00:00,9.49939,1.6475655,33.529655
508,2018-03-22_04:00:00,8.67041,0.9674024,36.9959
509,2018-03-22_05:00:00,9.022186,0.83886284,274.82877
510,2018-03-22_06:00:00,10.066284,5.580015,73.65069
511,2018-03-22_07:00:00,10.612701,9.044719,70.800354
512,2018-03-22_08:00:00,10.012939,9.834965,71.60153
513,2018-03-22_09:00:00,9.450012,10.277975,73.24241
514,2018-03-22_10:00:00,8.931641,9.933081,73.64341
515,2018-03-22_11:00:00,8.849457,10.135343,72.32993
516,2018-03-22_12:00:00,9.363617,10.398098,71.523926
517,2018-03-22_13:00:00,11.411224,9.605007,67.94138
518,2018-03-22_14:00:00,13.202667,8.034237,68.71382
519,2018-03-22_15:00:00,13.437378,8.862074,78.38617
520,2018-03-22_16:00:00,14.730408,7.45195,79.72146
521,2018-03-22_17:00:00,14.991699,7.597925,80.09912
522,2018-03-22_18:00:00,15.614288,7.042063,81.54949
523,2018-03-22_19:00:00,17.177704,5.374996,80.29327
524,2018-03-22_20:00:00,17.635498,3.241178,89.49866
525,2018-03-22_21:00:00,18.767303,3.463186,74.12254
526,2018-03-22_22:00:00,17.062347,1.6954033,65.15287
527,2018-03-22_23:00:00,13.095184,1.6307565,57.56073
528,2018-03-23_00:00:00,12.309357,1.4231458,80.65381
529,2018-03-23_01:00:00,11.565704,1.5131508,49.87434
530,2018-03-23_02:00:00,10.525238,1.8152579,65.12972
531,2018-03-23_03:00:00,10.535431,1.5656251,50.577873
532,2018-03-23_04:00:00,9.852081,1.762998,34.33511
533,2018-03-23_05:00:00,9.491425,0.7406024,8.326593
534,2018-03-23_06:00:00,7.638214,1.5972112,20.247002
535,2018-03-23_07:00:00,8.275269,0.6580483,1.337922
536,2018-03-23_08:00:00,7.432434,0.70477676,65.45561
537,2018-03-23_09:00:00,9.296478,0.80352646,78.23962
538,2018-03-23_10:00:00,7.9241333,0.13612469,76.63251
539,2018-03-23_11:00:00,10.578461,4.4955845,71.50414
540,2018-03-23_12:00:00,13.001282,3.1929572,282.43442
541,2018-03-23_13:00:00,13.936188,2.391449,301.01566
542,2018-03-23_14:00:00,15.242249,0.9855696,355.4822
543,2018-03-23_15:00:00,15.991364,1.2730687,302.80484
544,2018-03-23_16:00:00,15.659851,6.45411,86.688126
545,2018-03-23_17:00:00,17.685303,3.191945,299.40735
546,2018-03-23_18:00:00,17.780243,4.3042274,285.61093
547,2018-03-23_19:00:00,18.446472,2.4845152,311.56094
548,2018-03-23_20:00:00,18.98117,1.6462394,343.4953
549,2018-03-23_21:00:00,17.598633,0.6846603,276.54272
550,2018-03-23_22:00:00,17.145752,2.0496545,319.83282
551,2018-03-23_23:00:00,14.627563,2.3197367,346.2181
552,2018-03-24_00:00:00,12.879181,2.7501152,61.86018
553,2018-03-24_01:00:00,12.072388,5.1786623,74.804665
554,2018-03-24_02:00:00,11.7482605,6.747446,75.74754
555,2018-03-24_03:00:00,12.194855,6.273662,75.93888
556,2018-03-24_04:00:00,11.56955,4.9369645,69.60636
557,2018-03-24_05:00:00,11.0252075,3.6390953,62.50695
558,2018-03-24_06:00:00,10.41095,2.8549829,68.04137
559,2018-03-24_07:00:00,9.783264,2.0507004,19.227612
560,2018-03-24_08:00:00,10.417267,0.45686126,41.026817
561,2018-03-24_09:00:00,8.479706,1.7246304,353.02625
562,2018-03-24_10:00:00,8.327576,2.7420633,76.6281
563,2018-03-24_11:00:00,11.072357,1.8994154,71.221375
564,2018-03-24_12:00:00,13.516571,1.6528,280.2137
565,2018-03-24_13:00:00,14.767456,0.99781346,327.96527
566,2018-03-24_14:00:00,15.325745,3.2497156,292.62686
567,2018-03-24_15:00:00,15.798889,4.3024545,276.4184
568,2018-03-24_16:00:00,16.938263,2.6663892,271.29953
569,2018-03-24_17:00:00,18.075348,2.1566172,58.32793
570,2018-03-24_18:00:00,17.987305,1.4742441,8.518763
571,2018-03-24_19:00:00,18.34729,1.3039763,341.58316
572,2018-03-24_20:00:00,16.911163,1.9211038,288.40128
573,2018-03-24_21:00:00,15.420654,3.804821,270.15564
574,2018-03-24_22:00:00,14.703064,1.6500599,78.78937
575,2018-03-24_23:00:00,14.202057,3.6480355,302.91833
576,2018-03-25_00:00:00,13.460358,1.5616863,346.20493
577,2018-03-25_01:00:00,12.921265,3.4047549,301.53442
578,2018-03-25_02:00:00,11.030365,3.5930057,71.98617
579,2018-03-25_03:00:00,10.717102,4.5518866,79.433044
580,2018-03-25_04:00:00,10.64035,3.1193178,80.71944
581,2018-03-25_05:00:00,10.005798,1.6544569,36.07236
582,2018-03-25_06:00:00,10.47113,2.5063899,31.437876
583,2018-03-25_07:00:00,10.435303,7.5784197,326.37094
584,2018-03-25_08:00:00,9.660492,9.0658245,310.9307
585,2018-03-25_09:00:00,9.733826,6.343413,306.0687
586,2018-03-25_10:00:00,9.3385315,5.797802,291.58197
587,2018-03-25_11:00:00,9.253174,6.8125525,303.99176
588,2018-03-25_12:00:00,9.266083,8.431251,305.6318
589,2018-03-25_13:00:00,9.683868,8.135836,307.46375
590,2018-03-25_14:00:00,8.95636,6.878393,295.06155
591,2018-03-25_15:00:00,9.255341,6.983648,297.37573
592,2018-03-25_16:00:00,8.993256,6.9875,295.8875
593,2018-03-25_17:00:00,8.199493,6.411316,286.0027
594,2018-03-25_18:00:00,8.29837,6.159856,288.88614
595,2018-03-25_19:00:00,8.538727,4.584544,76.70678
596,2018-03-25_20:00:00,9.38089,5.527572,76.73164
597,2018-03-25_21:00:00,9.751251,4.6774626,74.02891
598,2018-03-25_22:00:00,10.028717,4.8754854,84.46229
599,2018-03-25_23:00:00,9.509186,3.76966,280.1554
600,2018-03-26_00:00:00,7.3339844,2.7619064,313.70828
601,2018-03-26_01:00:00,6.926544,2.7594128,308.32983
602,2018-03-26_02:00:00,6.5982056,2.8530855,301.05707
603,2018-03-26_03:00:00,5.4569397,2.2047293,73.11369
604,2018-03-26_04:00:00,4.7650757,1.3936411,77.49678
605,2018-03-26_05:00:00,4.5074463,1.7760038,289.89127
606,2018-03-26_06:00:00,4.261505,2.2367077,281.4899
607,2018-03-26_07:00:00,5.3806763,1.8207917,294.75626
608,2018-03-26_08:00:00,4.141693,1.9580308,297.65887
609,2018-03-26_09:00:00,4.325531,1.0776798,282.66455
610,2018-03-26_10:00:00,4.3336487,2.2103274,323.58105
611,2018-03-26_11:00:00,7.232361,1.9806304,310.9668
612,2018-03-26_12:00:00,10.02356,2.5783718,317.66272
613,2018-03-26_13:00:00,11.138733,2.961525,279.98044
614,2018-03-26_14:00:00,12.468842,2.5473845,87.45732
615,2018-03-26_15:00:00,13.665222,3.0289237,74.57165
616,2018-03-26_16:00:00,14.60199,1.9794439,48.979244
617,2018-03-26_17:00:00,14.526672,2.3382518,307.27805
618,2018-03-26_18:00:00,12.876373,5.5427976,85.74364
619,2018-03-26_19:00:00,14.067902,3.8082042,270.02295
620,2018-03-26_20:00:00,13.813812,4.4655943,278.19992
621,2018-03-26_21:00:00,12.539276,4.4372473,85.39147
622,2018-03-26_22:00:00,12.59964,2.073905,284.21524
623,2018-03-26_23:00:00,10.821045,2.1333947,66.84925
624,2018-03-27_00:00:00,9.692291,2.1910439,83.77929
625,2018-03-27_01:00:00,8.658966,2.132471,67.88307
626,2018-03-27_02:00:00,8.685974,0.8411147,291.53928
627,2018-03-27_03:00:00,8.552032,1.7357744,86.93241
628,2018-03-27_04:00:00,8.820404,5.577291,73.27101
629,2018-03-27_05:00:00,8.609161,5.634318,73.518684
630,2018-03-27_06:00:00,8.099335,5.952966,78.81255
631,2018-03-27_07:00:00,8.134796,5.7915335,76.27583
632,2018-03-27_08:00:00,7.725708,4.8062763,69.23264
633,2018-03-27_09:00:00,6.8306274,3.4600992,61.43409
634,2018-03-27_10:00:00,5.667053,1.7914968,316.60236
635,2018-03-27_11:00:00,8.532715,1.5611738,325.97668
636,2018-03-27_12:00:00,11.381165,1.8865603,307.45
637,2018-03-27_13:00:00,12.670624,2.2291465,283.37033
638,2018-03-27_14:00:00,13.652924,2.9038136,72.88275
639,2018-03-27_15:00:00,14.148285,1.4698062,328.42285
640,2018-03-27_16:00:00,14.707031,2.5393095,292.48386
641,2018-03-27_17:00:00,14.995605,3.6486747,283.10547
642,2018-03-27_18:00:00,15.562347,2.3866787,299.96643
643,2018-03-27_19:00:00,16.088104,2.0101755,340.69504
644,2018-03-27_20:00:00,13.820251,4.6429296,273.07205
645,2018-03-27_21:00:00,15.6970215,2.9660733,55.32047
646,2018-03-27_22:00:00,14.342133,3.9737024,275.05115
647,2018-03-27_23:00:00,10.955963,2.7944067,301.24738
648,2018-03-28_00:00:00,9.228424,2.302595,61.429142
649,2018-03-28_01:00:00,8.183441,1.9784517,68.6389
650,2018-03-28_02:00:00,7.737915,2.3762586,287.4417
651,2018-03-28_03:00:00,7.41922,2.170262,284.26508
652,2018-03-28_04:00:00,7.547394,3.5763502,274.47528
653,2018-03-28_05:00:00,7.6548767,6.1707187,76.049416
654,2018-03-28_06:00:00,7.3988647,6.03025,74.37623
655,2018-03-28_07:00:00,6.028961,2.8823736,75.44443
656,2018-03-28_08:00:00,7.4404297,1.2165886,296.92072
657,2018-03-28_09:00:00,6.2107544,2.104643,88.87708
658,2018-03-28_10:00:00,4.349701,1.3935633,278.583
659,2018-03-28_11:00:00,6.7312927,1.1680586,83.0727
660,2018-03-28_12:00:00,8.685059,1.1277027,72.94884
661,2018-03-28_13:00:00,9.87262,3.010871,84.30151
662,2018-03-28_14:00:00,10.642029,3.725376,84.82329
663,2018-03-28_15:00:00,11.786591,3.5471153,80.876854
664,2018-03-28_16:00:00,13.4930725,2.9724467,72.332954
665,2018-03-28_17:00:00,14.217316,1.3935552,352.55136
666,2018-03-28_18:00:00,14.196564,3.7273355,282.13083
667,2018-03-28_19:00:00,14.51886,4.116871,277.32654
668,2018-03-28_20:00:00,14.011475,5.371727,276.1287
669,2018-03-28_21:00:00,14.005402,2.8658023,81.8547
670,2018-03-28_22:00:00,13.926422,2.7868977,68.01823
671,2018-03-28_23:00:00,11.85318,3.660835,322.69653
672,2018-03-29_00:00:00,10.16507,2.3642037,292.72522
673,2018-03-29_01:00:00,9.173187,2.3104374,280.3727
674,2018-03-29_02:00:00,8.363068,2.3728948,278.0888
675,2018-03-29_03:00:00,8.3255005,2.1765754,84.57205
676,2018-03-29_04:00:00,8.190857,2.1031077,85.36872
677,2018-03-29_05:00:00,7.7514954,2.173839,83.39306
678,2018-03-29_06:00:00,6.3125,1.8991432,75.34061
679,2018-03-29_07:00:00,6.7686462,0.26068452,73.04475
680,2018-03-29_08:00:00,5.386505,2.7992406,70.59592
681,2018-03-29_09:00:00,5.51886,1.5471253,26.07522
682,2018-03-29_10:00:00,5.545166,1.2391665,342.3761
683,2018-03-29_11:00:00,7.57489,1.778311,310.19144
684,2018-03-29_12:00:00,9.728912,3.266951,291.40106
685,2018-03-29_13:00:00,10.91037,4.1681995,275.90704
686,2018-03-29_14:00:00,12.113831,3.7557683,85.90688
687,2018-03-29_15:00:00,13.638794,2.8295171,270.21585
688,2018-03-29_16:00:00,15.283508,2.1486826,72.63474
689,2018-03-29_17:00:00,15.502228,1.7445294,333.87024
690,2018-03-29_18:00:00,15.540222,3.4522219,298.33282
691,2018-03-29_19:00:00,15.148895,3.9085214,291.19995
692,2018-03-29_20:00:00,16.809082,3.819208,303.7274
693,2018-03-29_21:00:00,15.955841,5.2857127,315.4128
694,2018-03-29_22:00:00,13.443848,5.0600443,314.76324
695,2018-03-29_23:00:00,11.511688,4.9154787,317.08524
696,2018-03-30_00:00:00,9.848358,3.084086,308.3925
697,2018-03-30_01:00:00,8.439117,2.5952141,80.79526
698,2018-03-30_02:00:00,7.6905518,2.3782935,83.01437
699,2018-03-30_03:00:00,8.636536,2.9483554,289.04797
700,2018-03-30_04:00:00,6.9894714,2.446916,88.03912
701,2018-03-30_05:00:00,7.3081055,1.8334938,88.01971
702,2018-03-30_06:00:00,7.9326477,1.1355194,68.126366
703,2018-03-30_07:00:00,8.13501,2.5942812,273.41632
704,2018-03-30_08:00:00,5.993683,3.1732626,71.92692
705,2018-03-30_09:00:00,6.3889465,2.4519486,55.605267
706,2018-03-30_10:00:00,6.2424927,2.038852,1.2387036
707,2018-03-30_11:00:00,9.264679,2.1959376,312.71826
708,2018-03-30_12:00:00,9.894867,3.3515565,278.95642
709,2018-03-30_13:00:00,10.531311,2.8422556,77.525276
710,2018-03-30_14:00:00,12.187012,3.1895957,272.12057
711,2018-03-30_15:00:00,13.832367,3.160229,273.3131
712,2018-03-30_16:00:00,14.728516,1.0429327,28.95552
713,2018-03-30_17:00:00,13.575531,5.619814,274.56363
714,2018-03-30_18:00:00,14.485138,4.2096734,292.3058
715,2018-03-30_19:00:00,15.0824585,3.3409474,302.83572
716,2018-03-30_20:00:00,14.404602,3.5585015,283.67633
717,2018-03-30_21:00:00,15.675873,2.4692578,291.25317
718,2018-03-30_22:00:00,13.663208,2.7656522,318.5919
719,2018-03-30_23:00:00,10.943787,2.8808477,316.271
720,2018-03-31_00:00:00,9.286377,2.4669764,280.41632
721,2018-03-31_01:00:00,8.203949,2.231531,70.72828
722,2018-03-31_02:00:00,7.4664,2.219649,76.69231
723,2018-03-31_03:00:00,6.939209,2.2165482,89.01802
724,2018-03-31_04:00:00,7.408203,2.2550495,272.6876
725,2018-03-31_05:00:00,7.8881226,1.928241,284.74643
726,2018-03-31_06:00:00,8.117432,1.69953,84.973694
727,2018-03-31_07:00:00,8.334595,0.6450621,311.889
728,2018-03-31_08:00:00,7.506531,5.479112,69.496185
729,2018-03-31_09:00:00,7.4813843,5.8497005,68.07738
730,2018-03-31_10:00:00,7.0903015,6.4093204,65.78997
731,2018-03-31_11:00:00,8.51651,3.5787187,64.133804
732,2018-03-31_12:00:00,9.865631,2.3712635,279.8817
733,2018-03-31_13:00:00,10.893921,3.28058,279.8532
734,2018-03-31_14:00:00,12.202393,1.6802422,303.14978
735,2018-03-31_15:00:00,12.630524,2.882487,284.1115
736,2018-03-31_16:00:00,13.510437,2.2098453,299.96564
737,2018-03-31_17:00:00,13.868286,3.6793065,283.6902
738,2018-03-31_18:00:00,12.284729,7.093671,89.06756
739,2018-03-31_19:00:00,12.220032,6.657362,82.682335
740,2018-03-31_20:00:00,12.710876,6.2406087,80.78126
741,2018-03-31_21:00:00,11.411865,6.410311,81.542564
742,2018-03-31_22:00:00,11.49884,3.6223254,73.667854
743,2018-03-31_23:00:00,10.071228,1.379444,66.93846
